fecha,producto_id,nombre,categoria,subcategoria,precio_base,es_estrella,unidades_vendidas,precio_venta,ingresos,Amazon,Decathlon,Deporvillage,mes,Año,dif_amazon_pct,dif_decathlon_pct,dif_deporvillage_pct
2024-11-01,PROD_001,Nike Air Zoom Pegasus 40,Running,Zapatillas Running,115,True,15,118.32,1774.8,90.71,119.96,105.26,2024-11,2024,30.437658472053798,-1.3671223741247087,12.407372221166623
2024-11-01,PROD_002,Adidas Ultraboost 23,Running,Zapatillas Running,135,True,19,132.9,2525.1,127.14,121.82,133.19,2024-11,2024,4.5304388862671106,9.095386636020368,-0.21773406411892188
2024-11-01,PROD_003,Asics Gel Nimbus 25,Running,Zapatillas Running,85,False,3,83.37,250.11,90.77,75.46,84.37,2024-11,2024,-8.152473284124701,10.482374768089068,-1.185255422543558
2024-11-01,PROD_004,New Balance Fresh Foam X 1080v12,Running,Zapatillas Running,75,False,4,72.97,291.88,80.63,67.96,74.92,2024-11,2024,-9.500186034974572,7.371983519717489,-2.602776294714366
2024-11-01,PROD_005,Nike Dri-FIT Miler,Running,Ropa Running,35,False,3,34.56,103.68,34.13,31.66,33.89,2024-11,2024,1.25988866100205,9.159823120656988,1.9769843611684914
2024-11-01,PROD_006,Adidas Own The Run Jacket,Running,Ropa Running,65,False,3,65.56,196.68,64.19,60.81,67.59,2024-11,2024,2.134288830035838,7.811215260647919,-3.003402870247079
2024-11-01,PROD_007,Puma Velocity Nitro 2,Running,Zapatillas Running,70,False,3,68.26,204.78,70.32,63.83,66.91,2024-11,2024,-2.929465301478937,6.940310198966014,2.017635629950693
2024-11-01,PROD_008,Reebok Floatride Energy 5,Running,Zapatillas Running,65,False,3,64.98,194.94,65.35,62.66,61.94,2024-11,2024,-0.5661820964039639,3.702521544845208,4.90797546012271
2024-11-01,PROD_009,Bowflex SelectTech 552,Fitness,Mancuernas Ajustables,400,True,3,410.42,1231.26,399.51,361.07,378.67,2024-11,2024,2.7308452854747127,13.667709862353567,8.384609290411175
2024-11-01,PROD_010,Domyos BM900,Fitness,Banco Gimnasio,175,True,3,178.06,534.18,193.15,166.39,180.35,2024-11,2024,-7.812580895676937,7.013642646793687,-1.2697532575547503
2024-11-01,PROD_011,Reebok Professional Deck,Fitness,Esterilla Fitness,45,False,4,43.82,175.28,47.17,41.52,45.9,2024-11,2024,-7.101971592113634,5.539499036608856,-4.531590413943352
2024-11-01,PROD_012,Domyos Kit Mancuernas 20kg,Fitness,Pesas Casa,55,False,5,54.05,270.25,53.11,50.69,55.93,2024-11,2024,1.7699115044247746,6.628526336555534,-3.361344537815131
2024-11-01,PROD_013,Decathlon Bandas Elásticas Set,Fitness,Bandas Elásticas,25,False,4,25.05,100.2,26.36,22.5,24.27,2024-11,2024,-4.9696509863429394,11.333333333333337,3.2138442521631694
2024-11-01,PROD_014,Sveltus Kettlebell 12kg,Fitness,Pesa Rusa,40,False,5,39.78,198.9,39.81,36.56,40.55,2024-11,2024,-0.07535795026375568,8.807439824945291,-1.898890258939571
2024-11-01,PROD_015,Salomon Speedcross 5 GTX,Outdoor,Zapatillas Trail,150,True,5,146.07,730.35,148.87,162.37,143.18,2024-11,2024,-1.8808356284006253,-10.038800270986027,2.0184383293756016
2024-11-01,PROD_016,Trek Marlin 7,Outdoor,Bicicleta Montaña,830,True,4,845.85,3383.4,810.81,791.28,834.87,2024-11,2024,4.321604321604331,6.896420988777684,1.315174817636281
2024-11-01,PROD_017,The North Face Borealis,Outdoor,Mochila Trekking,95,False,2,93.89,187.78,94.81,85.29,96.23,2024-11,2024,-0.9703617761839487,10.083245398053691,-2.431674114101635
2024-11-01,PROD_018,Columbia Silver Ridge,Outdoor,Ropa Montaña,70,False,2,69.35,138.7,65.03,64.77,74.12,2024-11,2024,6.64308780562816,7.071174926663576,-6.435509983810052
2024-11-01,PROD_019,Merrell Moab 2 GTX,Outdoor,Zapatillas Trail,110,False,3,111.02,333.06,117.15,106.35,116.27,2024-11,2024,-5.232607767819044,4.391161259990599,-4.515352197471403
2024-11-01,PROD_020,Quechua MH500,Outdoor,Ropa Montaña,80,False,2,79.78,159.56,88.05,73.58,80.54,2024-11,2024,-9.392390687109593,8.426202772492529,-0.9436304941643967
2024-11-01,PROD_021,Manduka PRO Yoga Mat,Wellness,Esterilla Yoga,130,True,6,132.16,792.96,140.25,122.67,134.57,2024-11,2024,-5.768270944741535,7.7362028205755236,-1.7908894998885312
2024-11-01,PROD_022,Gaiam Premium Yoga Block,Wellness,Bloque Yoga,20,False,2,20.17,40.34,20.77,18.47,19.73,2024-11,2024,-2.888781896966769,9.204114780725517,2.230106436898131
2024-11-01,PROD_023,Liforme Yoga Pad,Wellness,Rodillera Yoga,35,False,1,35.23,35.23,33.86,32.67,35.27,2024-11,2024,4.046072061429408,7.835935108662366,-0.11341083073435285
2024-11-01,PROD_024,Lotuscrafts Yoga Bolster,Wellness,Cojín Yoga,50,False,1,49.42,49.42,46.15,46.42,49.48,2024-11,2024,7.085590465872163,6.462731581214993,-0.12126111560225379
2024-11-02,PROD_001,Nike Air Zoom Pegasus 40,Running,Zapatillas Running,115,True,21,113.69,2387.49,91.64,123.05,107.26,2024-11,2024,24.061545176778694,-7.606663957740755,5.9947790415811975
2024-11-02,PROD_002,Adidas Ultraboost 23,Running,Zapatillas Running,135,True,16,138.51,2216.16,125.19,120.14,130.75,2024-11,2024,10.639827462257363,15.290494423172957,5.934990439770547
2024-11-02,PROD_003,Asics Gel Nimbus 25,Running,Zapatillas Running,85,False,4,85.76,343.04,86.84,74.47,84.86,2024-11,2024,-1.2436665131275888,15.160467302269378,1.060570351166634
2024-11-02,PROD_004,New Balance Fresh Foam X 1080v12,Running,Zapatillas Running,75,False,4,75.59,302.36,72.21,70.83,72.67,2024-11,2024,4.680792134053469,6.720316250176486,4.018164304389709
2024-11-02,PROD_005,Nike Dri-FIT Miler,Running,Ropa Running,35,False,3,33.99,101.97,31.94,32.41,35.43,2024-11,2024,6.418284283030684,4.875038568343122,-4.064352243861128
2024-11-02,PROD_006,Adidas Own The Run Jacket,Running,Ropa Running,65,False,3,65.61,196.83,62.24,61.65,61.83,2024-11,2024,5.414524421593827,6.423357664233579,6.113537117903932
2024-11-02,PROD_007,Puma Velocity Nitro 2,Running,Zapatillas Running,70,False,3,69.6,208.8,73.63,60.45,65.31,2024-11,2024,-5.47331250848839,15.136476426798993,6.568672485071186
2024-11-02,PROD_008,Reebok Floatride Energy 5,Running,Zapatillas Running,65,False,3,63.51,190.53,59.29,57.29,62.12,2024-11,2024,7.117557766908414,10.857043113981495,2.237604636188024
2024-11-02,PROD_009,Bowflex SelectTech 552,Fitness,Mancuernas Ajustables,400,True,3,393.94,1181.82,401.61,368.57,385.56,2024-11,2024,-1.9098130026642801,6.883360013023308,2.173461977383545
2024-11-02,PROD_010,Domyos BM900,Fitness,Banco Gimnasio,175,True,3,170.61,511.83,195.09,164.14,182.17,2024-11,2024,-12.548054743964318,3.9417570366760253,-6.34572102980731
2024-11-02,PROD_011,Reebok Professional Deck,Fitness,Esterilla Fitness,45,False,5,44.53,222.65,45.31,40.71,45.21,2024-11,2024,-1.721474288236595,9.383443871284697,-1.5040920150409194
2024-11-02,PROD_012,Domyos Kit Mancuernas 20kg,Fitness,Pesas Casa,55,False,6,56.53,339.18,51.78,52.39,55.9,2024-11,2024,9.173426033217458,7.902271425844627,1.1270125223613643
2024-11-02,PROD_013,Decathlon Bandas Elásticas Set,Fitness,Bandas Elásticas,25,False,5,24.9,124.5,27.19,22.05,24.73,2024-11,2024,-8.422214049282834,12.9251700680272,0.6874241811564826
2024-11-02,PROD_014,Sveltus Kettlebell 12kg,Fitness,Pesa Rusa,40,False,4,39.79,159.16,39.93,36.22,41.78,2024-11,2024,-0.35061357375407104,9.85643290999448,-4.763044518908574
2024-11-02,PROD_015,Salomon Speedcross 5 GTX,Outdoor,Zapatillas Trail,150,True,6,151.06,906.36,149.67,155.65,145.45,2024-11,2024,0.9287098282889122,-2.948923867651785,3.856995531110357
2024-11-02,PROD_016,Trek Marlin 7,Outdoor,Bicicleta Montaña,830,True,5,829.91,4149.55,803.73,780.42,865.21,2024-11,2024,3.257312779167127,6.341457164091131,-4.079934351197982
2024-11-02,PROD_017,The North Face Borealis,Outdoor,Mochila Trekking,95,False,3,96.57,289.71,89.12,87.37,90.01,2024-11,2024,8.359515260323146,10.52993018198465,7.288079102321951
2024-11-02,PROD_018,Columbia Silver Ridge,Outdoor,Ropa Montaña,70,False,3,68.17,204.51,74.36,63.03,69.9,2024-11,2024,-8.324367939752552,8.154846898302397,-2.4749642346208924
2024-11-02,PROD_019,Merrell Moab 2 GTX,Outdoor,Zapatillas Trail,110,False,2,113.17,226.34,104.76,98.98,105.41,2024-11,2024,8.027873234058799,14.336229541321476,7.36173038611138
2024-11-02,PROD_020,Quechua MH500,Outdoor,Ropa Montaña,80,False,2,82.31,164.62,80.7,75.63,79.21,2024-11,2024,1.995043370508054,8.832473886024074,3.9136472667592583
2024-11-02,PROD_021,Manduka PRO Yoga Mat,Wellness,Esterilla Yoga,130,True,7,132.9,930.3,140.21,120.38,127.82,2024-11,2024,-5.213608159189788,10.400398737331791,3.97433891409796
2024-11-02,PROD_022,Gaiam Premium Yoga Block,Wellness,Bloque Yoga,20,False,2,20.27,40.54,21.04,18.05,19.7,2024-11,2024,-3.6596958174904923,12.299168975069245,2.8934010152284277
2024-11-02,PROD_023,Liforme Yoga Pad,Wellness,Rodillera Yoga,35,False,2,34.65,69.3,35.83,31.4,33.84,2024-11,2024,-3.293329612056935,10.35031847133758,2.3936170212765813
2024-11-02,PROD_024,Lotuscrafts Yoga Bolster,Wellness,Cojín Yoga,50,False,2,50.64,101.28,52.16,46.52,48.51,2024-11,2024,-2.9141104294478453,8.856405846947544,4.390847247990111
2024-11-03,PROD_001,Nike Air Zoom Pegasus 40,Running,Zapatillas Running,115,True,16,116.76,1868.16,93.11,121.32,107.32,2024-11,2024,25.40006443990979,-3.7586547972304554,8.796123742079773
2024-11-03,PROD_002,Adidas Ultraboost 23,Running,Zapatillas Running,135,True,18,137.05,2466.9,126.07,118.11,132.52,2024-11,2024,8.709447132545426,16.035898738464155,3.418351946875944
2024-11-03,PROD_003,Asics Gel Nimbus 25,Running,Zapatillas Running,85,False,3,86.51,259.53,83.63,82.11,89.44,2024-11,2024,3.4437402845868825,5.358665205212527,-3.2759391771019595
2024-11-03,PROD_004,New Balance Fresh Foam X 1080v12,Running,Zapatillas Running,75,False,3,76.77,230.31,79.83,72.0,73.82,2024-11,2024,-3.833145434047353,6.624999999999995,3.9962069899756205
2024-11-03,PROD_005,Nike Dri-FIT Miler,Running,Ropa Running,35,False,3,34.15,102.45,37.57,31.85,36.91,2024-11,2024,-9.103007718924678,7.221350078492926,-7.4776483337848765
2024-11-03,PROD_006,Adidas Own The Run Jacket,Running,Ropa Running,65,False,2,66.25,132.5,62.42,61.21,61.55,2024-11,2024,6.1358538929830155,8.233948701192615,7.636068237205529
2024-11-03,PROD_007,Puma Velocity Nitro 2,Running,Zapatillas Running,70,False,2,68.4,136.8,72.17,64.87,72.42,2024-11,2024,-5.22377719273936,5.441652535840914,-5.550952775476382
2024-11-03,PROD_008,Reebok Floatride Energy 5,Running,Zapatillas Running,65,False,3,63.29,189.87,61.51,59.13,62.04,2024-11,2024,2.893838400260122,7.0353458481312305,2.014829142488717
2024-11-03,PROD_009,Bowflex SelectTech 552,Fitness,Mancuernas Ajustables,400,True,3,411.06,1233.18,414.26,355.97,389.92,2024-11,2024,-0.7724617390044872,15.476023260387104,5.421624948707423
2024-11-03,PROD_010,Domyos BM900,Fitness,Banco Gimnasio,175,True,3,179.47,538.41,195.49,163.0,178.22,2024-11,2024,-8.194792572510108,10.104294478527606,0.7013803164627989
2024-11-03,PROD_011,Reebok Professional Deck,Fitness,Esterilla Fitness,45,False,3,44.24,132.72,42.27,41.49,45.32,2024-11,2024,4.660515732197773,6.628103157387322,-2.383053839364515
2024-11-03,PROD_012,Domyos Kit Mancuernas 20kg,Fitness,Pesas Casa,55,False,4,54.2,216.8,52.67,53.05,53.47,2024-11,2024,2.9048794380102545,2.1677662582469477,1.3652515429212717
2024-11-03,PROD_013,Decathlon Bandas Elásticas Set,Fitness,Bandas Elásticas,25,False,4,25.23,100.92,25.16,22.88,24.49,2024-11,2024,0.2782193958664558,10.270979020979027,3.0216414863209557
2024-11-03,PROD_014,Sveltus Kettlebell 12kg,Fitness,Pesa Rusa,40,False,3,40.35,121.05,41.31,36.66,37.54,2024-11,2024,-2.3238925199709533,10.065466448445186,7.485348961108157
2024-11-03,PROD_015,Salomon Speedcross 5 GTX,Outdoor,Zapatillas Trail,150,True,5,146.67,733.35,147.43,156.99,144.39,2024-11,2024,-0.5154988808248112,-6.573667112554952,1.5790567213795978
2024-11-03,PROD_016,Trek Marlin 7,Outdoor,Bicicleta Montaña,830,True,5,847.73,4238.65,816.26,770.82,859.04,2024-11,2024,3.8553892142209625,9.977686100516328,-1.3165859564164586
2024-11-03,PROD_017,The North Face Borealis,Outdoor,Mochila Trekking,95,False,4,92.23,368.92,90.85,89.41,93.82,2024-11,2024,1.5189873417721627,3.154009618610902,-1.6947345981666906
2024-11-03,PROD_018,Columbia Silver Ridge,Outdoor,Ropa Montaña,70,False,2,68.38,136.76,66.77,65.22,70.07,2024-11,2024,2.411262543058259,4.8451395277522185,-2.4118738404452658
2024-11-03,PROD_019,Merrell Moab 2 GTX,Outdoor,Zapatillas Trail,110,False,3,107.18,321.54,109.05,106.37,113.65,2024-11,2024,-1.714809720311775,0.7614929021340625,-5.692916849978001
2024-11-03,PROD_020,Quechua MH500,Outdoor,Ropa Montaña,80,False,3,82.36,247.08,80.55,72.38,80.06,2024-11,2024,2.2470515207945403,13.78833932025422,2.8728453659755147
2024-11-03,PROD_021,Manduka PRO Yoga Mat,Wellness,Esterilla Yoga,130,True,8,127.89,1023.12,137.35,121.9,131.62,2024-11,2024,-6.887513651255911,4.913863822805574,-2.833915818264704
2024-11-03,PROD_022,Gaiam Premium Yoga Block,Wellness,Bloque Yoga,20,False,2,20.45,40.9,21.38,18.34,20.65,2024-11,2024,-4.349859681945743,11.504907306434022,-0.9685230024213041
2024-11-03,PROD_023,Liforme Yoga Pad,Wellness,Rodillera Yoga,35,False,2,34.59,69.18,37.28,33.71,36.55,2024-11,2024,-7.215665236051495,2.6105013349154627,-5.362517099863185
2024-11-03,PROD_024,Lotuscrafts Yoga Bolster,Wellness,Cojín Yoga,50,False,1,50.5,50.5,46.62,44.26,48.67,2024-11,2024,8.322608322608328,14.098508811568012,3.760016437230323
2024-11-04,PROD_001,Nike Air Zoom Pegasus 40,Running,Zapatillas Running,115,True,14,115.15,1612.1,92.75,117.01,107.56,2024-11,2024,24.15094339622642,-1.5896077258353982,7.056526589810341
2024-11-04,PROD_002,Adidas Ultraboost 23,Running,Zapatillas Running,135,True,16,134.12,2145.92,127.53,121.34,129.57,2024-11,2024,5.167411589429941,10.532388330311521,3.5116153430578154
2024-11-04,PROD_003,Asics Gel Nimbus 25,Running,Zapatillas Running,85,False,3,84.03,252.09,87.36,76.14,83.28,2024-11,2024,-3.8118131868131853,10.362490149724193,0.9005763688760807
2024-11-04,PROD_004,New Balance Fresh Foam X 1080v12,Running,Zapatillas Running,75,False,3,74.68,224.04,76.75,71.93,73.15,2024-11,2024,-2.6970684039087858,3.823161406923398,2.091592617908409
2024-11-04,PROD_005,Nike Dri-FIT Miler,Running,Ropa Running,35,False,3,35.27,105.81,35.42,32.23,36.76,2024-11,2024,-0.4234895539243325,9.432206019236757,-4.053318824809562
2024-11-04,PROD_006,Adidas Own The Run Jacket,Running,Ropa Running,65,False,2,63.43,126.86,65.94,59.66,62.52,2024-11,2024,-3.8064907491659055,6.319141803553475,1.4555342290466995
2024-11-04,PROD_007,Puma Velocity Nitro 2,Running,Zapatillas Running,70,False,2,70.9,141.8,74.63,65.11,71.0,2024-11,2024,-4.9979900844164415,8.89264321916757,-0.1408450704225272
2024-11-04,PROD_008,Reebok Floatride Energy 5,Running,Zapatillas Running,65,False,3,64.5,193.5,60.5,59.42,65.87,2024-11,2024,6.6115702479338845,8.549309996634127,-2.07985425838774
2024-11-04,PROD_009,Bowflex SelectTech 552,Fitness,Mancuernas Ajustables,400,True,3,390.16,1170.48,403.19,361.28,390.34,2024-11,2024,-3.231726977355583,7.993799822852096,-0.04611364451502536
2024-11-04,PROD_010,Domyos BM900,Fitness,Banco Gimnasio,175,True,3,174.85,524.55,193.46,164.85,175.86,2024-11,2024,-9.619559598883496,6.066120715802245,-0.5743204822017624
2024-11-04,PROD_011,Reebok Professional Deck,Fitness,Esterilla Fitness,45,False,4,44.93,179.72,43.46,38.84,42.4,2024-11,2024,3.382420616658994,15.679711637487115,5.966981132075475
2024-11-04,PROD_012,Domyos Kit Mancuernas 20kg,Fitness,Pesas Casa,55,False,5,54.52,272.6,57.21,50.37,52.58,2024-11,2024,-4.701975179164478,8.239031169346847,3.689615823507046
2024-11-04,PROD_013,Decathlon Bandas Elásticas Set,Fitness,Bandas Elásticas,25,False,4,24.46,97.84,26.07,23.63,23.47,2024-11,2024,-6.17568085922516,3.5124841303427927,4.2181508308479
2024-11-04,PROD_014,Sveltus Kettlebell 12kg,Fitness,Pesa Rusa,40,False,4,41.02,164.08,39.39,36.35,38.72,2024-11,2024,4.138106118304145,12.847317744154063,5.94008264462811
2024-11-04,PROD_015,Salomon Speedcross 5 GTX,Outdoor,Zapatillas Trail,150,True,4,145.53,582.12,151.18,158.17,143.9,2024-11,2024,-3.7372668342373365,-7.991401656445589,1.1327310632383567
2024-11-04,PROD_016,Trek Marlin 7,Outdoor,Bicicleta Montaña,830,True,4,826.56,3306.24,813.0,776.48,863.82,2024-11,2024,1.667896678966783,6.449618792499476,-4.313398624713494
2024-11-04,PROD_017,The North Face Borealis,Outdoor,Mochila Trekking,95,False,2,94.53,189.06,89.39,85.08,90.69,2024-11,2024,5.750083902002462,11.107193229901274,4.234204432682769
2024-11-04,PROD_018,Columbia Silver Ridge,Outdoor,Ropa Montaña,70,False,2,69.49,138.98,71.28,65.44,70.71,2024-11,2024,-2.5112233445566865,6.188875305623467,-1.7253570923490298
2024-11-04,PROD_019,Merrell Moab 2 GTX,Outdoor,Zapatillas Trail,110,False,3,106.8,320.4,112.5,100.15,115.19,2024-11,2024,-5.066666666666669,6.640039940089856,-7.283618369650144
2024-11-04,PROD_020,Quechua MH500,Outdoor,Ropa Montaña,80,False,2,79.14,158.28,81.02,75.55,83.02,2024-11,2024,-2.3204147124166816,4.751819986763738,-4.673572633100453
2024-11-04,PROD_021,Manduka PRO Yoga Mat,Wellness,Esterilla Yoga,130,True,8,126.84,1014.72,143.13,117.86,132.81,2024-11,2024,-11.381261789981131,7.619209231291365,-4.495143437994126
2024-11-04,PROD_022,Gaiam Premium Yoga Block,Wellness,Bloque Yoga,20,False,2,19.7,39.4,18.9,18.34,19.42,2024-11,2024,4.232804232804237,7.415485278080696,1.4418125643666198
2024-11-04,PROD_023,Liforme Yoga Pad,Wellness,Rodillera Yoga,35,False,1,35.72,35.72,36.1,33.77,32.86,2024-11,2024,-1.0526315789473755,5.774355937222373,8.703590992087642
2024-11-04,PROD_024,Lotuscrafts Yoga Bolster,Wellness,Cojín Yoga,50,False,2,51.1,102.2,46.19,44.29,51.84,2024-11,2024,10.630006494912326,15.375931361481152,-1.427469135802473
2024-11-05,PROD_001,Nike Air Zoom Pegasus 40,Running,Zapatillas Running,115,True,15,115.84,1737.6,92.6,121.01,108.04,2024-11,2024,25.097192224622038,-4.272374183951741,7.219548315438723
2024-11-05,PROD_002,Adidas Ultraboost 23,Running,Zapatillas Running,135,True,18,133.18,2397.24,123.94,119.08,131.41,2024-11,2024,7.4552202678715584,11.840779308028223,1.3469294574233392
2024-11-05,PROD_003,Asics Gel Nimbus 25,Running,Zapatillas Running,85,False,3,84.0,252.0,84.36,74.81,82.96,2024-11,2024,-0.42674253200568923,12.284453950006679,1.2536162005785996
2024-11-05,PROD_004,New Balance Fresh Foam X 1080v12,Running,Zapatillas Running,75,False,3,74.0,222.0,70.84,65.5,76.45,2024-11,2024,4.460756634669673,12.977099236641221,-3.204708960104647
2024-11-05,PROD_005,Nike Dri-FIT Miler,Running,Ropa Running,35,False,3,34.07,102.21,31.54,31.44,33.98,2024-11,2024,8.021559923906155,8.36513994910941,0.2648616833431531
2024-11-05,PROD_006,Adidas Own The Run Jacket,Running,Ropa Running,65,False,2,65.69,131.38,65.84,61.91,63.43,2024-11,2024,-0.22782503037667934,6.105637215312552,3.562982815702346
2024-11-05,PROD_007,Puma Velocity Nitro 2,Running,Zapatillas Running,70,False,3,68.67,206.01,65.86,66.14,70.42,2024-11,2024,4.26662617673854,3.8252192319322664,-2.485089463220676
2024-11-05,PROD_008,Reebok Floatride Energy 5,Running,Zapatillas Running,65,False,3,66.3,198.9,67.46,59.52,64.75,2024-11,2024,-1.7195375037058949,11.391129032258055,2.3938223938223895
2024-11-05,PROD_009,Bowflex SelectTech 552,Fitness,Mancuernas Ajustables,400,True,3,402.62,1207.86,414.67,371.23,381.29,2024-11,2024,-2.905925193527386,8.455674379764561,5.5941671693461625
2024-11-05,PROD_010,Domyos BM900,Fitness,Banco Gimnasio,175,True,3,170.02,510.06,193.5,162.33,176.82,2024-11,2024,-12.134366925064594,4.737263598841864,-3.845718810089347
2024-11-05,PROD_011,Reebok Professional Deck,Fitness,Esterilla Fitness,45,False,4,44.68,178.72,42.72,40.65,44.78,2024-11,2024,4.58801498127341,9.913899138991393,-0.22331397945511705
2024-11-05,PROD_012,Domyos Kit Mancuernas 20kg,Fitness,Pesas Casa,55,False,5,54.73,273.65,50.31,48.5,52.3,2024-11,2024,8.785529715762262,12.845360824742261,4.646271510516252
2024-11-05,PROD_013,Decathlon Bandas Elásticas Set,Fitness,Bandas Elásticas,25,False,4,25.26,101.04,26.38,23.04,25.2,2024-11,2024,-4.245640636846086,9.635416666666677,0.23809523809524713
2024-11-05,PROD_014,Sveltus Kettlebell 12kg,Fitness,Pesa Rusa,40,False,3,39.79,119.37,40.71,38.02,40.06,2024-11,2024,-2.2598870056497216,4.655444502893203,-0.6739890164752949
2024-11-05,PROD_015,Salomon Speedcross 5 GTX,Outdoor,Zapatillas Trail,150,True,5,151.18,755.9,146.82,160.89,146.71,2024-11,2024,2.969622667211561,-6.035179315059967,3.046827073819098
2024-11-05,PROD_016,Trek Marlin 7,Outdoor,Bicicleta Montaña,830,True,4,833.01,3332.04,818.5,784.01,839.69,2024-11,2024,1.7727550397067797,6.249920281629061,-0.7955316843120751
2024-11-05,PROD_017,The North Face Borealis,Outdoor,Mochila Trekking,95,False,2,94.67,189.34,93.32,90.29,95.35,2024-11,2024,1.4466352336048098,4.851035552109863,-0.7131620346093264
2024-11-05,PROD_018,Columbia Silver Ridge,Outdoor,Ropa Montaña,70,False,2,70.9,141.8,70.29,67.29,70.4,2024-11,2024,0.8678332621994584,5.364838757616287,0.7102272727272727
2024-11-05,PROD_019,Merrell Moab 2 GTX,Outdoor,Zapatillas Trail,110,False,2,106.78,213.56,106.74,98.84,115.15,2024-11,2024,0.037474236462437936,8.033184945366246,-7.268779852366482
2024-11-05,PROD_020,Quechua MH500,Outdoor,Ropa Montaña,80,False,2,78.07,156.14,80.23,70.88,77.29,2024-11,2024,-2.692259753209536,10.143905191873587,1.0091861819122614
2024-11-05,PROD_021,Manduka PRO Yoga Mat,Wellness,Esterilla Yoga,130,True,6,133.75,802.5,141.55,118.18,128.56,2024-11,2024,-5.5104203461674395,13.174818074124211,4.037025513378965
2024-11-05,PROD_022,Gaiam Premium Yoga Block,Wellness,Bloque Yoga,20,False,1,19.65,19.65,20.63,17.96,19.47,2024-11,2024,-4.750363548230734,9.409799554565689,0.9244992295839739
2024-11-05,PROD_023,Liforme Yoga Pad,Wellness,Rodillera Yoga,35,False,2,35.34,70.68,32.66,31.02,35.86,2024-11,2024,8.205756276791204,13.926499032882026,-1.4500836586726047
2024-11-05,PROD_024,Lotuscrafts Yoga Bolster,Wellness,Cojín Yoga,50,False,1,49.43,49.43,51.35,44.86,52.8,2024-11,2024,-3.7390457643622232,10.187249219794918,-6.382575757575753
2024-11-06,PROD_001,Nike Air Zoom Pegasus 40,Running,Zapatillas Running,115,True,19,115.17,2188.23,93.07,123.01,106.85,2024-11,2024,23.745567852154302,-6.373465571904726,7.786616752456722
2024-11-06,PROD_002,Adidas Ultraboost 23,Running,Zapatillas Running,135,True,17,136.75,2324.75,125.96,121.56,131.61,2024-11,2024,8.566211495712931,12.495886804870022,3.905478307119509
2024-11-06,PROD_003,Asics Gel Nimbus 25,Running,Zapatillas Running,85,False,3,86.38,259.14,78.36,77.25,88.81,2024-11,2024,10.234813680449204,11.818770226537211,-2.736178358292993
2024-11-06,PROD_004,New Balance Fresh Foam X 1080v12,Running,Zapatillas Running,75,False,4,74.67,298.68,74.41,65.99,71.7,2024-11,2024,0.3494154011557655,13.153508107288994,4.14225941422594
2024-11-06,PROD_005,Nike Dri-FIT Miler,Running,Ropa Running,35,False,3,34.91,104.73,33.93,32.02,36.24,2024-11,2024,2.8882994400235686,9.025608994378493,-3.6699779249448268
2024-11-06,PROD_006,Adidas Own The Run Jacket,Running,Ropa Running,65,False,2,64.31,128.62,67.21,60.25,66.13,2024-11,2024,-4.314834102068133,6.738589211618261,-2.752154846514431
2024-11-06,PROD_007,Puma Velocity Nitro 2,Running,Zapatillas Running,70,False,3,70.57,211.71,68.97,64.55,65.65,2024-11,2024,2.3198492098013546,9.326103795507352,7.494287890327475
2024-11-06,PROD_008,Reebok Floatride Energy 5,Running,Zapatillas Running,65,False,2,66.1,132.2,70.98,57.24,66.6,2024-11,2024,-6.875176105945351,15.478686233403199,-0.7507507507507508
2024-11-06,PROD_009,Bowflex SelectTech 552,Fitness,Mancuernas Ajustables,400,True,2,401.88,803.76,407.01,364.99,383.31,2024-11,2024,-1.2604112921058441,10.107126222636232,4.844642717382795
2024-11-06,PROD_010,Domyos BM900,Fitness,Banco Gimnasio,175,True,3,180.17,540.51,191.71,159.71,179.14,2024-11,2024,-6.019508632830848,12.810719428964987,0.5749692977559457
2024-11-06,PROD_011,Reebok Professional Deck,Fitness,Esterilla Fitness,45,False,4,45.2,180.8,48.03,40.42,44.91,2024-11,2024,-5.892150739121379,11.82582879762494,0.6457359162770124
2024-11-06,PROD_012,Domyos Kit Mancuernas 20kg,Fitness,Pesas Casa,55,False,5,54.08,270.4,53.67,51.56,51.99,2024-11,2024,0.7639277063536363,4.887509697439868,4.020003846893625
2024-11-06,PROD_013,Decathlon Bandas Elásticas Set,Fitness,Bandas Elásticas,25,False,4,24.98,99.92,27.05,23.14,24.17,2024-11,2024,-7.652495378927912,7.951598962834917,3.351261894911041
2024-11-06,PROD_014,Sveltus Kettlebell 12kg,Fitness,Pesa Rusa,40,False,3,38.87,116.61,42.78,35.85,41.56,2024-11,2024,-9.139784946236567,8.423988842398874,-6.4725697786333125
2024-11-06,PROD_015,Salomon Speedcross 5 GTX,Outdoor,Zapatillas Trail,150,True,4,148.94,595.76,152.76,162.15,144.78,2024-11,2024,-2.5006546216286942,-8.146777674992297,2.8733250448957017
2024-11-06,PROD_016,Trek Marlin 7,Outdoor,Bicicleta Montaña,830,True,4,809.05,3236.2,822.58,791.86,840.91,2024-11,2024,-1.6448248194704571,2.1708382794938426,-3.788752660807936
2024-11-06,PROD_017,The North Face Borealis,Outdoor,Mochila Trekking,95,False,3,96.54,289.62,90.78,86.1,90.37,2024-11,2024,6.3450099140779965,12.1254355400697,6.827486997897533
2024-11-06,PROD_018,Columbia Silver Ridge,Outdoor,Ropa Montaña,70,False,2,71.41,142.82,75.02,62.66,67.68,2024-11,2024,-4.812050119968008,13.964251516118736,5.511229314420788
2024-11-06,PROD_019,Merrell Moab 2 GTX,Outdoor,Zapatillas Trail,110,False,3,108.11,324.33,113.56,99.88,111.28,2024-11,2024,-4.799225079253261,8.239887865438531,-2.8486700215672194
2024-11-06,PROD_020,Quechua MH500,Outdoor,Ropa Montaña,80,False,2,80.0,160.0,74.87,74.57,80.59,2024-11,2024,6.851876586082536,7.281748692503697,-0.7321007569177359
2024-11-06,PROD_021,Manduka PRO Yoga Mat,Wellness,Esterilla Yoga,130,True,9,132.77,1194.93,137.65,122.38,132.38,2024-11,2024,-3.5452233926625465,8.489949338127158,0.2946064360175365
2024-11-06,PROD_022,Gaiam Premium Yoga Block,Wellness,Bloque Yoga,20,False,2,20.34,40.68,18.18,18.67,20.89,2024-11,2024,11.881188118811883,8.944831280128538,-2.632838678793685
2024-11-06,PROD_023,Liforme Yoga Pad,Wellness,Rodillera Yoga,35,False,1,34.21,34.21,36.59,31.77,34.97,2024-11,2024,-6.504509428805691,7.680201447906835,-2.173291392622242
2024-11-06,PROD_024,Lotuscrafts Yoga Bolster,Wellness,Cojín Yoga,50,False,1,49.28,49.28,51.49,45.13,51.51,2024-11,2024,-4.292095552534474,9.19565699091513,-4.329256455057265
2024-11-07,PROD_001,Nike Air Zoom Pegasus 40,Running,Zapatillas Running,115,True,17,113.02,1921.34,92.98,119.8,108.65,2024-11,2024,21.553022155302205,-5.659432387312188,4.022089277496539
2024-11-07,PROD_002,Adidas Ultraboost 23,Running,Zapatillas Running,135,True,15,132.03,1980.45,127.04,121.14,129.86,2024-11,2024,3.927896725440802,8.98959881129272,1.671030340366539
2024-11-07,PROD_003,Asics Gel Nimbus 25,Running,Zapatillas Running,85,False,3,86.37,259.11,83.16,77.94,78.82,2024-11,2024,3.8600288600288697,10.816012317167061,9.578787109870607
2024-11-07,PROD_004,New Balance Fresh Foam X 1080v12,Running,Zapatillas Running,75,False,3,76.88,230.64,68.45,67.83,75.57,2024-11,2024,12.315558802045278,13.342178976853896,1.7334921265052303
2024-11-07,PROD_005,Nike Dri-FIT Miler,Running,Ropa Running,35,False,3,33.97,101.91,34.62,32.13,34.82,2024-11,2024,-1.877527440785669,5.726735138499833,-2.441125789775995
2024-11-07,PROD_006,Adidas Own The Run Jacket,Running,Ropa Running,65,False,2,64.15,128.3,63.16,57.25,61.7,2024-11,2024,1.567447751741623,12.052401746724902,3.970826580226909
2024-11-07,PROD_007,Puma Velocity Nitro 2,Running,Zapatillas Running,70,False,2,69.43,138.86,68.97,61.43,66.74,2024-11,2024,0.6669566478179034,13.022952954582461,4.030566376985335
2024-11-07,PROD_008,Reebok Floatride Energy 5,Running,Zapatillas Running,65,False,2,64.61,129.22,65.92,58.9,67.23,2024-11,2024,-1.9872572815534013,9.694397283531412,-3.8970697605235824
2024-11-07,PROD_009,Bowflex SelectTech 552,Fitness,Mancuernas Ajustables,400,True,2,403.0,806.0,406.59,366.29,382.26,2024-11,2024,-0.8829533436631435,10.022113625815605,5.425626536912052
2024-11-07,PROD_010,Domyos BM900,Fitness,Banco Gimnasio,175,True,3,175.49,526.47,189.63,164.75,180.23,2024-11,2024,-7.456626061277218,6.518968133535666,-2.6299728125173285
2024-11-07,PROD_011,Reebok Professional Deck,Fitness,Esterilla Fitness,45,False,3,44.65,133.95,49.17,42.28,44.33,2024-11,2024,-9.192597112060206,5.605487228003779,0.7218587863749161
2024-11-07,PROD_012,Domyos Kit Mancuernas 20kg,Fitness,Pesas Casa,55,False,3,56.03,168.09,57.24,50.77,55.41,2024-11,2024,-2.113906359189379,10.360449084104783,1.1189316007940886
2024-11-07,PROD_013,Decathlon Bandas Elásticas Set,Fitness,Bandas Elásticas,25,False,3,25.39,76.17,25.06,24.2,25.2,2024-11,2024,1.3168395849960168,4.917355371900832,0.7539682539682591
2024-11-07,PROD_014,Sveltus Kettlebell 12kg,Fitness,Pesa Rusa,40,False,3,39.73,119.19,42.2,38.38,41.6,2024-11,2024,-5.853080568720393,3.5174570088587656,-4.495192307692319
2024-11-07,PROD_015,Salomon Speedcross 5 GTX,Outdoor,Zapatillas Trail,150,True,3,152.79,458.37,153.44,161.26,143.56,2024-11,2024,-0.42361835245047297,-5.2523874488403814,6.429367511841731
2024-11-07,PROD_016,Trek Marlin 7,Outdoor,Bicicleta Montaña,830,True,4,807.02,3228.08,838.39,791.7,855.27,2024-11,2024,-3.741695392359165,1.9350764178350304,-5.641493329591825
2024-11-07,PROD_017,The North Face Borealis,Outdoor,Mochila Trekking,95,False,3,94.05,282.15,90.03,87.66,96.98,2024-11,2024,4.465178273908692,7.289527720739221,-3.021241493091366
2024-11-07,PROD_018,Columbia Silver Ridge,Outdoor,Ropa Montaña,70,False,2,69.07,138.14,74.12,62.88,66.37,2024-11,2024,-6.813275769023221,9.844147582697186,4.068103058610801
2024-11-07,PROD_019,Merrell Moab 2 GTX,Outdoor,Zapatillas Trail,110,False,2,112.49,224.98,104.15,104.11,103.13,2024-11,2024,8.007681228996628,8.049178753241758,9.07592359158344
2024-11-07,PROD_020,Quechua MH500,Outdoor,Ropa Montaña,80,False,2,80.53,161.06,80.77,71.25,75.79,2024-11,2024,-0.2971400272378295,13.024561403508775,6.254123235255303
2024-11-07,PROD_021,Manduka PRO Yoga Mat,Wellness,Esterilla Yoga,130,True,6,128.4,770.4,144.14,121.71,132.08,2024-11,2024,-10.919938948244749,5.496672418042898,-2.786190187764996
2024-11-07,PROD_022,Gaiam Premium Yoga Block,Wellness,Bloque Yoga,20,False,2,19.77,39.54,21.54,17.5,20.6,2024-11,2024,-8.217270194986071,12.97142857142857,-4.029126213592242
2024-11-07,PROD_023,Liforme Yoga Pad,Wellness,Rodillera Yoga,35,False,2,34.29,68.58,34.39,31.06,35.8,2024-11,2024,-0.29078220412911143,10.399227301996138,-4.217877094972062
2024-11-07,PROD_024,Lotuscrafts Yoga Bolster,Wellness,Cojín Yoga,50,False,1,50.96,50.96,49.47,43.64,52.09,2024-11,2024,3.0119264200525615,16.773602199816683,-2.169322326742182
2024-11-08,PROD_001,Nike Air Zoom Pegasus 40,Running,Zapatillas Running,115,True,16,113.95,1823.2,93.23,121.54,107.46,2024-11,2024,22.224605813579316,-6.244857660029622,6.0394565419691135
2024-11-08,PROD_002,Adidas Ultraboost 23,Running,Zapatillas Running,135,True,18,131.69,2370.42,123.53,121.12,132.22,2024-11,2024,6.605682830081759,8.726882430647285,-0.4008470730600523
2024-11-08,PROD_003,Asics Gel Nimbus 25,Running,Zapatillas Running,85,False,4,85.26,341.04,88.9,74.38,90.59,2024-11,2024,-4.094488188976379,14.627588061306817,-5.8836516171762865
2024-11-08,PROD_004,New Balance Fresh Foam X 1080v12,Running,Zapatillas Running,75,False,3,76.07,228.21,75.94,68.2,74.91,2024-11,2024,0.17118777982617256,11.539589442815235,1.5485248965425131
2024-11-08,PROD_005,Nike Dri-FIT Miler,Running,Ropa Running,35,False,3,34.36,103.08,35.95,30.9,35.24,2024-11,2024,-4.422809457579981,11.19741100323625,-2.497162315550518
2024-11-08,PROD_006,Adidas Own The Run Jacket,Running,Ropa Running,65,False,3,63.91,191.73,70.14,61.74,61.37,2024-11,2024,-8.882235528942122,3.5147392290249346,4.138830047254357
2024-11-08,PROD_007,Puma Velocity Nitro 2,Running,Zapatillas Running,70,False,3,69.75,209.25,65.19,65.02,71.28,2024-11,2024,6.994937873907045,7.274684712396192,-2.146464646464648
2024-11-08,PROD_008,Reebok Floatride Energy 5,Running,Zapatillas Running,65,False,2,63.97,127.94,66.96,56.71,63.42,2024-11,2024,-4.46535244922341,12.801974960324456,0.8672343109429157
2024-11-08,PROD_009,Bowflex SelectTech 552,Fitness,Mancuernas Ajustables,400,True,3,404.04,1212.12,404.38,364.12,385.74,2024-11,2024,-0.08407933132201766,10.963418653191258,4.744128169233165
2024-11-08,PROD_010,Domyos BM900,Fitness,Banco Gimnasio,175,True,3,173.51,520.53,194.52,166.24,177.76,2024-11,2024,-10.800945918157526,4.373195380173232,-2.390864086408641
2024-11-08,PROD_011,Reebok Professional Deck,Fitness,Esterilla Fitness,45,False,5,44.33,221.65,45.56,40.52,44.19,2024-11,2024,-2.699736611062344,9.402764067127332,0.31681375876895357
2024-11-08,PROD_012,Domyos Kit Mancuernas 20kg,Fitness,Pesas Casa,55,False,4,55.21,220.84,58.57,49.87,55.75,2024-11,2024,-5.736725285982583,10.70784038500101,-0.9686098654708505
2024-11-08,PROD_013,Decathlon Bandas Elásticas Set,Fitness,Bandas Elásticas,25,False,4,25.34,101.36,23.31,23.42,24.11,2024-11,2024,8.708708708708714,8.19812126387702,5.101617586063876
2024-11-08,PROD_014,Sveltus Kettlebell 12kg,Fitness,Pesa Rusa,40,False,4,40.89,163.56,42.07,38.26,40.4,2024-11,2024,-2.804849061088661,6.874019864087827,1.2128712871287177
2024-11-08,PROD_015,Salomon Speedcross 5 GTX,Outdoor,Zapatillas Trail,150,True,5,152.51,762.55,147.59,156.14,142.89,2024-11,2024,3.3335591842265653,-2.3248366850262556,6.73245153614669
2024-11-08,PROD_016,Trek Marlin 7,Outdoor,Bicicleta Montaña,830,True,4,838.3,3353.2,832.05,792.55,838.35,2024-11,2024,0.7511567814434229,5.772506466468993,-0.005964096141237933
2024-11-08,PROD_017,The North Face Borealis,Outdoor,Mochila Trekking,95,False,2,95.3,190.6,92.16,86.76,96.41,2024-11,2024,3.4071180555555567,9.843245735361908,-1.1513328492894923
2024-11-08,PROD_018,Columbia Silver Ridge,Outdoor,Ropa Montaña,70,False,2,69.04,138.08,64.44,65.25,74.57,2024-11,2024,7.1384233395406715,5.808429118773955,-7.415850878369302
2024-11-08,PROD_019,Merrell Moab 2 GTX,Outdoor,Zapatillas Trail,110,False,2,110.87,221.74,115.65,99.65,104.15,2024-11,2024,-4.133160397751838,11.259407927747112,6.452232357177147
2024-11-08,PROD_020,Quechua MH500,Outdoor,Ropa Montaña,80,False,2,81.75,163.5,80.54,76.85,79.46,2024-11,2024,1.502359076235403,6.3760572543916805,2.8819531839919534
2024-11-08,PROD_021,Manduka PRO Yoga Mat,Wellness,Esterilla Yoga,130,True,7,132.07,924.49,138.93,119.33,127.8,2024-11,2024,-4.9377384294249,10.676275873627752,3.3411580594679156
2024-11-08,PROD_022,Gaiam Premium Yoga Block,Wellness,Bloque Yoga,20,False,2,20.32,40.64,19.1,18.31,20.45,2024-11,2024,6.387434554973816,10.977607864554898,-0.6356968215158876
2024-11-08,PROD_023,Liforme Yoga Pad,Wellness,Rodillera Yoga,35,False,2,34.71,69.42,34.65,30.84,33.99,2024-11,2024,0.17316017316017973,12.548638132295723,2.1182700794351246
2024-11-08,PROD_024,Lotuscrafts Yoga Bolster,Wellness,Cojín Yoga,50,False,2,50.28,100.56,47.28,47.31,51.7,2024-11,2024,6.345177664974619,6.277742549143942,-2.746615087040622
2024-11-09,PROD_001,Nike Air Zoom Pegasus 40,Running,Zapatillas Running,115,True,15,116.49,1747.35,91.08,120.8,104.97,2024-11,2024,27.898550724637676,-3.5678807947019884,10.974564161188907
2024-11-09,PROD_002,Adidas Ultraboost 23,Running,Zapatillas Running,135,True,20,133.75,2675.0,129.55,119.5,131.26,2024-11,2024,3.2419915090698486,11.92468619246862,1.896998323937231
2024-11-09,PROD_003,Asics Gel Nimbus 25,Running,Zapatillas Running,85,False,4,84.06,336.24,87.76,80.12,87.44,2024-11,2024,-4.21604375569736,4.9176235646530175,-3.8655077767612025
2024-11-09,PROD_004,New Balance Fresh Foam X 1080v12,Running,Zapatillas Running,75,False,5,75.5,377.5,70.71,69.75,77.6,2024-11,2024,6.774147928157272,8.24372759856631,-2.706185567010302
2024-11-09,PROD_005,Nike Dri-FIT Miler,Running,Ropa Running,35,False,3,35.73,107.19,33.43,31.21,32.89,2024-11,2024,6.880047861202504,14.48253764818967,8.634843417452101
2024-11-09,PROD_006,Adidas Own The Run Jacket,Running,Ropa Running,65,False,3,63.1,189.3,66.06,57.81,63.88,2024-11,2024,-4.480775052982139,9.150665974744852,-1.2210394489668146
2024-11-09,PROD_007,Puma Velocity Nitro 2,Running,Zapatillas Running,70,False,3,68.57,205.71,71.18,62.69,69.47,2024-11,2024,-3.66676032593427,9.37948636146115,-1.2955232474449485
2024-11-09,PROD_008,Reebok Floatride Energy 5,Running,Zapatillas Running,65,False,3,63.37,190.11,61.82,57.81,62.26,2024-11,2024,2.5072791976706523,9.617713198408572,1.7828461291358808
2024-11-09,PROD_009,Bowflex SelectTech 552,Fitness,Mancuernas Ajustables,400,True,3,411.3,1233.9,412.01,371.18,388.42,2024-11,2024,-0.17232591441954795,10.808772024354761,5.890530868647339
2024-11-09,PROD_010,Domyos BM900,Fitness,Banco Gimnasio,175,True,3,175.79,527.37,192.92,167.21,176.31,2024-11,2024,-8.879328218950858,5.131272053106862,-0.2949350575690603
2024-11-09,PROD_011,Reebok Professional Deck,Fitness,Esterilla Fitness,45,False,5,43.76,218.8,44.31,42.38,44.95,2024-11,2024,-1.2412547957571751,3.256252949504472,-2.647385984427152
2024-11-09,PROD_012,Domyos Kit Mancuernas 20kg,Fitness,Pesas Casa,55,False,4,54.65,218.6,53.57,49.63,54.31,2024-11,2024,2.016053761433635,10.114849889179924,0.6260357208617129
2024-11-09,PROD_013,Decathlon Bandas Elásticas Set,Fitness,Bandas Elásticas,25,False,4,25.54,102.16,23.55,23.0,24.7,2024-11,2024,8.450106157112518,11.043478260869561,3.4008097165991895
2024-11-09,PROD_014,Sveltus Kettlebell 12kg,Fitness,Pesa Rusa,40,False,4,39.32,157.28,39.23,35.52,41.88,2024-11,2024,0.22941626306399038,10.698198198198188,-6.112702960840502
2024-11-09,PROD_015,Salomon Speedcross 5 GTX,Outdoor,Zapatillas Trail,150,True,7,147.44,1032.08,149.21,156.45,148.94,2024-11,2024,-1.1862475705381745,-5.759028443592197,-1.007116959849604
2024-11-09,PROD_016,Trek Marlin 7,Outdoor,Bicicleta Montaña,830,True,5,818.48,4092.4,826.42,774.75,865.55,2024-11,2024,-0.9607705525035626,5.644401419812845,-5.438160707064865
2024-11-09,PROD_017,The North Face Borealis,Outdoor,Mochila Trekking,95,False,3,94.65,283.95,92.66,88.53,94.54,2024-11,2024,2.1476365206130037,6.912910877668592,0.1163528665115289
2024-11-09,PROD_018,Columbia Silver Ridge,Outdoor,Ropa Montaña,70,False,2,71.09,142.18,68.0,63.46,69.19,2024-11,2024,4.544117647058829,12.02332177749764,2.7460615695909896
2024-11-09,PROD_019,Merrell Moab 2 GTX,Outdoor,Zapatillas Trail,110,False,4,109.53,438.12,115.47,95.59,115.39,2024-11,2024,-5.144193296960248,14.583115388638976,-5.078429673281913
2024-11-09,PROD_020,Quechua MH500,Outdoor,Ropa Montaña,80,False,3,81.26,243.78,83.28,75.71,85.11,2024-11,2024,-2.425552353506239,7.330603619072794,-4.523557748795669
2024-11-09,PROD_021,Manduka PRO Yoga Mat,Wellness,Esterilla Yoga,130,True,9,127.56,1148.04,137.42,121.99,127.4,2024-11,2024,-7.175083685053112,4.565948028526934,0.12558869701726577
2024-11-09,PROD_022,Gaiam Premium Yoga Block,Wellness,Bloque Yoga,20,False,2,19.95,39.9,21.24,18.4,20.47,2024-11,2024,-6.073446327683612,8.423913043478265,-2.54030288226673
2024-11-09,PROD_023,Liforme Yoga Pad,Wellness,Rodillera Yoga,35,False,2,35.34,70.68,32.94,31.72,33.18,2024-11,2024,7.285974499089271,11.412358133669624,6.509945750452091
2024-11-09,PROD_024,Lotuscrafts Yoga Bolster,Wellness,Cojín Yoga,50,False,2,48.99,97.98,47.15,44.85,48.16,2024-11,2024,3.9024390243902514,9.230769230769232,1.7234219269103104
2024-11-10,PROD_001,Nike Air Zoom Pegasus 40,Running,Zapatillas Running,115,True,18,114.32,2057.76,91.08,120.37,106.12,2024-11,2024,25.516029863855945,-5.0261693112901975,7.7271013946475575
2024-11-10,PROD_002,Adidas Ultraboost 23,Running,Zapatillas Running,135,True,14,135.37,1895.18,127.93,121.94,131.95,2024-11,2024,5.8156804502462265,11.013613252419228,2.5918908677529493
2024-11-10,PROD_003,Asics Gel Nimbus 25,Running,Zapatillas Running,85,False,3,85.65,256.95,87.61,76.87,86.37,2024-11,2024,-2.2371875356694373,11.421881097957591,-0.8336227856894741
2024-11-10,PROD_004,New Balance Fresh Foam X 1080v12,Running,Zapatillas Running,75,False,4,76.21,304.84,76.16,72.57,76.94,2024-11,2024,0.06565126050419795,5.0158467686371795,-0.9487912659215024
2024-11-10,PROD_005,Nike Dri-FIT Miler,Running,Ropa Running,35,False,3,35.59,106.77,37.0,31.63,35.87,2024-11,2024,-3.8108108108108016,12.51975972178313,-0.7805965988290886
2024-11-10,PROD_006,Adidas Own The Run Jacket,Running,Ropa Running,65,False,3,66.9,200.7,61.61,58.2,65.59,2024-11,2024,8.586268462911875,14.948453608247428,1.9972556792193965
2024-11-10,PROD_007,Puma Velocity Nitro 2,Running,Zapatillas Running,70,False,3,70.6,211.8,69.87,65.47,66.91,2024-11,2024,1.0447974810361953,7.83564991599205,5.514870721865188
2024-11-10,PROD_008,Reebok Floatride Energy 5,Running,Zapatillas Running,65,False,3,65.44,196.32,65.4,60.79,65.12,2024-11,2024,0.06116207951069119,7.649284421779896,0.4914004914004809
2024-11-10,PROD_009,Bowflex SelectTech 552,Fitness,Mancuernas Ajustables,400,True,2,399.3,798.6,395.9,373.84,380.31,2024-11,2024,0.8588027279616152,6.810400171196244,4.993294943598645
2024-11-10,PROD_010,Domyos BM900,Fitness,Banco Gimnasio,175,True,3,179.25,537.75,189.79,162.5,184.35,2024-11,2024,-5.553506507192156,10.307692307692308,-2.7664768104149684
2024-11-10,PROD_011,Reebok Professional Deck,Fitness,Esterilla Fitness,45,False,4,45.63,182.52,46.72,41.71,42.04,2024-11,2024,-2.3330479452054713,9.398225845121077,8.539486203615612
2024-11-10,PROD_012,Domyos Kit Mancuernas 20kg,Fitness,Pesas Casa,55,False,4,55.39,221.56,55.56,50.19,57.26,2024-11,2024,-0.3059755219582464,10.360629607491537,-3.2658050995459265
2024-11-10,PROD_013,Decathlon Bandas Elásticas Set,Fitness,Bandas Elásticas,25,False,4,24.75,99.0,25.91,23.59,26.11,2024-11,2024,-4.477035893477423,4.917337855023315,-5.208732286480274
2024-11-10,PROD_014,Sveltus Kettlebell 12kg,Fitness,Pesa Rusa,40,False,5,39.07,195.35,37.34,37.79,40.51,2024-11,2024,4.633101231922862,3.3871394548822473,-3.554677857319175
2024-11-10,PROD_015,Salomon Speedcross 5 GTX,Outdoor,Zapatillas Trail,150,True,6,150.27,901.62,150.22,155.88,141.27,2024-11,2024,0.0332845160431443,-3.5989222478829777,6.370779358674877
2024-11-10,PROD_016,Trek Marlin 7,Outdoor,Bicicleta Montaña,830,True,4,830.13,3320.52,827.26,797.91,874.33,2024-11,2024,0.3469284142832972,4.038049404068132,-5.055299486463926
2024-11-10,PROD_017,The North Face Borealis,Outdoor,Mochila Trekking,95,False,3,94.89,284.67,93.22,87.02,101.24,2024-11,2024,1.7914610598584013,9.043897954493225,-6.272224417226388
2024-11-10,PROD_018,Columbia Silver Ridge,Outdoor,Ropa Montaña,70,False,3,72.07,216.21,71.83,64.97,70.74,2024-11,2024,0.3341222330502504,10.928120671078952,1.8801243992083665
2024-11-10,PROD_019,Merrell Moab 2 GTX,Outdoor,Zapatillas Trail,110,False,2,109.02,218.04,112.06,96.6,109.76,2024-11,2024,-2.712832411208287,12.85714285714286,-0.6741982507288713
2024-11-10,PROD_020,Quechua MH500,Outdoor,Ropa Montaña,80,False,2,81.46,162.92,85.88,73.1,84.26,2024-11,2024,-5.146716348393109,11.436388508891929,-3.3230477094706994
2024-11-10,PROD_021,Manduka PRO Yoga Mat,Wellness,Esterilla Yoga,130,True,6,132.23,793.38,141.17,120.49,132.23,2024-11,2024,-6.33279025288659,9.74354718233878,0.0
2024-11-10,PROD_022,Gaiam Premium Yoga Block,Wellness,Bloque Yoga,20,False,2,20.59,41.18,21.12,18.02,20.94,2024-11,2024,-2.5094696969697026,14.261931187569369,-1.6714422158548299
2024-11-10,PROD_023,Liforme Yoga Pad,Wellness,Rodillera Yoga,35,False,2,35.93,71.86,38.45,30.72,34.93,2024-11,2024,-6.553966189856965,16.95963541666667,2.86286859433152
2024-11-10,PROD_024,Lotuscrafts Yoga Bolster,Wellness,Cojín Yoga,50,False,1,51.17,51.17,50.78,46.27,50.49,2024-11,2024,0.7680189050807416,10.590015128593038,1.3468013468013462
2024-11-11,PROD_001,Nike Air Zoom Pegasus 40,Running,Zapatillas Running,115,True,18,114.96,2069.28,92.99,120.7,103.5,2024-11,2024,23.626196365200556,-4.755592377796196,11.072463768115936
2024-11-11,PROD_002,Adidas Ultraboost 23,Running,Zapatillas Running,135,True,17,136.21,2315.57,127.86,120.54,135.03,2024-11,2024,6.5305803222274434,12.999834079973455,0.8738798785455134
2024-11-11,PROD_003,Asics Gel Nimbus 25,Running,Zapatillas Running,85,False,3,85.39,256.17,79.47,82.21,81.42,2024-11,2024,7.449351956713228,3.8681425617321583,4.875951854581182
2024-11-11,PROD_004,New Balance Fresh Foam X 1080v12,Running,Zapatillas Running,75,False,2,76.67,153.34,77.17,68.88,73.39,2024-11,2024,-0.6479201762342879,11.309523809523819,4.469273743016761
2024-11-11,PROD_005,Nike Dri-FIT Miler,Running,Ropa Running,35,False,3,35.76,107.28,34.01,33.09,32.59,2024-11,2024,5.145545427815349,8.068902991840417,9.726910095121186
2024-11-11,PROD_006,Adidas Own The Run Jacket,Running,Ropa Running,65,False,3,66.12,198.36,69.81,63.48,63.85,2024-11,2024,-5.285775676837126,4.158790170132337,3.5552075176194258
2024-11-11,PROD_007,Puma Velocity Nitro 2,Running,Zapatillas Running,70,False,3,69.53,208.59,72.24,62.92,71.47,2024-11,2024,-3.7513842746400803,10.505403687221868,-2.71442563313278
2024-11-11,PROD_008,Reebok Floatride Energy 5,Running,Zapatillas Running,65,False,3,64.22,192.66,62.75,58.38,61.7,2024-11,2024,2.342629482071711,10.003425830763954,4.08427876823338
2024-11-11,PROD_009,Bowflex SelectTech 552,Fitness,Mancuernas Ajustables,400,True,3,398.87,1196.61,402.62,363.25,392.17,2024-11,2024,-0.9313993343599425,9.805918788713008,1.708442767167297
2024-11-11,PROD_010,Domyos BM900,Fitness,Banco Gimnasio,175,True,2,174.3,348.6,192.87,159.88,182.87,2024-11,2024,-9.628247005755169,9.019264448336264,-4.686389238256681
2024-11-11,PROD_011,Reebok Professional Deck,Fitness,Esterilla Fitness,45,False,4,44.97,179.88,45.87,39.75,44.82,2024-11,2024,-1.9620667102681462,13.13207547169811,0.3346720214190062
2024-11-11,PROD_012,Domyos Kit Mancuernas 20kg,Fitness,Pesas Casa,55,False,4,56.09,224.36,56.72,49.02,54.97,2024-11,2024,-1.1107193229901189,14.422684618523052,2.0374749863562025
2024-11-11,PROD_013,Decathlon Bandas Elásticas Set,Fitness,Bandas Elásticas,25,False,4,25.25,101.0,26.65,22.99,25.53,2024-11,2024,-5.253283302063784,9.830361026533282,-1.0967489228358838
2024-11-11,PROD_014,Sveltus Kettlebell 12kg,Fitness,Pesa Rusa,40,False,3,40.35,121.05,37.61,38.37,37.72,2024-11,2024,7.285296463706467,5.160281469898369,6.97242841993638
2024-11-11,PROD_015,Salomon Speedcross 5 GTX,Outdoor,Zapatillas Trail,150,True,4,152.33,609.32,147.32,158.24,145.37,2024-11,2024,3.400760249796375,-3.7348331648129403,4.7877828988099385
2024-11-11,PROD_016,Trek Marlin 7,Outdoor,Bicicleta Montaña,830,True,4,843.41,3373.64,830.33,794.28,860.3,2024-11,2024,1.5752772993869817,6.185476154504708,-1.9632686272230602
2024-11-11,PROD_017,The North Face Borealis,Outdoor,Mochila Trekking,95,False,2,94.26,188.52,103.76,87.4,90.05,2024-11,2024,-9.15574402467232,7.848970251716246,4.675180455302619
2024-11-11,PROD_018,Columbia Silver Ridge,Outdoor,Ropa Montaña,70,False,2,67.9,135.8,76.33,66.25,71.86,2024-11,2024,-11.044150399580758,2.490566037735858,-5.510715279710539
2024-11-11,PROD_019,Merrell Moab 2 GTX,Outdoor,Zapatillas Trail,110,False,2,111.31,222.62,114.91,97.71,109.33,2024-11,2024,-3.132886606909751,13.918739125985066,1.8110308241104947
2024-11-11,PROD_020,Quechua MH500,Outdoor,Ropa Montaña,80,False,2,77.7,155.4,76.42,73.3,83.55,2024-11,2024,1.6749542004710825,6.002728512960444,-7.001795332136439
2024-11-11,PROD_021,Manduka PRO Yoga Mat,Wellness,Esterilla Yoga,130,True,7,127.65,893.55,142.79,122.06,129.89,2024-11,2024,-10.602983402199024,4.579714894314274,-1.7245361459696522
2024-11-11,PROD_022,Gaiam Premium Yoga Block,Wellness,Bloque Yoga,20,False,1,20.32,20.32,21.1,18.87,20.67,2024-11,2024,-3.696682464454981,7.684154742978268,-1.6932752781809453
2024-11-11,PROD_023,Liforme Yoga Pad,Wellness,Rodillera Yoga,35,False,2,34.44,68.88,36.28,32.68,33.6,2024-11,2024,-5.071664829106956,5.38555691554467,2.499999999999989
2024-11-11,PROD_024,Lotuscrafts Yoga Bolster,Wellness,Cojín Yoga,50,False,1,50.36,50.36,52.62,45.17,50.14,2024-11,2024,-4.294944887875329,11.489926942661052,0.4387714399680871
2024-11-12,PROD_001,Nike Air Zoom Pegasus 40,Running,Zapatillas Running,115,True,16,116.9,1870.4,93.01,120.7,106.87,2024-11,2024,25.685410170949357,-3.1483015741507843,9.385234396930851
2024-11-12,PROD_002,Adidas Ultraboost 23,Running,Zapatillas Running,135,True,12,136.51,1638.12,127.26,120.32,130.97,2024-11,2024,7.268584001257257,13.455784574468083,4.229976330457351
2024-11-12,PROD_003,Asics Gel Nimbus 25,Running,Zapatillas Running,85,False,3,87.32,261.96,84.85,82.56,80.3,2024-11,2024,2.911019446081319,5.765503875968981,8.742216687422163
2024-11-12,PROD_004,New Balance Fresh Foam X 1080v12,Running,Zapatillas Running,75,False,4,76.34,305.36,72.15,66.84,73.25,2024-11,2024,5.807345807345804,14.213046080191502,4.218430034129698
2024-11-12,PROD_005,Nike Dri-FIT Miler,Running,Ropa Running,35,False,3,34.27,102.81,36.3,31.68,33.97,2024-11,2024,-5.592286501377394,8.17550505050506,0.8831321754489381
2024-11-12,PROD_006,Adidas Own The Run Jacket,Running,Ropa Running,65,False,3,63.65,190.95,70.23,58.83,62.48,2024-11,2024,-9.369215434999296,8.193098759136495,1.8725992317541642
2024-11-12,PROD_007,Puma Velocity Nitro 2,Running,Zapatillas Running,70,False,2,68.58,137.16,74.27,66.8,73.98,2024-11,2024,-7.6612360306988,2.6646706586826365,-7.299270072992709
2024-11-12,PROD_008,Reebok Floatride Energy 5,Running,Zapatillas Running,65,False,2,63.73,127.46,65.21,60.41,66.9,2024-11,2024,-2.2695905535960694,5.495778844562159,-4.738415545590446
2024-11-12,PROD_009,Bowflex SelectTech 552,Fitness,Mancuernas Ajustables,400,True,3,394.45,1183.35,409.9,371.68,379.86,2024-11,2024,-3.7692120029275404,6.126237623762371,3.840888748486278
2024-11-12,PROD_010,Domyos BM900,Fitness,Banco Gimnasio,175,True,3,170.89,512.67,193.11,161.08,178.2,2024-11,2024,-11.506395318730272,6.090141544574108,-4.10213243546577
2024-11-12,PROD_011,Reebok Professional Deck,Fitness,Esterilla Fitness,45,False,3,45.71,137.13,41.24,40.92,46.7,2024-11,2024,10.838991270611054,11.705767350928639,-2.119914346895079
2024-11-12,PROD_012,Domyos Kit Mancuernas 20kg,Fitness,Pesas Casa,55,False,3,53.77,161.31,58.12,51.3,53.21,2024-11,2024,-7.484514796971774,4.814814814814826,1.0524337530539414
2024-11-12,PROD_013,Decathlon Bandas Elásticas Set,Fitness,Bandas Elásticas,25,False,3,25.73,77.19,24.3,22.6,24.0,2024-11,2024,5.884773662551439,13.84955752212389,7.208333333333335
2024-11-12,PROD_014,Sveltus Kettlebell 12kg,Fitness,Pesa Rusa,40,False,3,39.43,118.29,40.28,35.26,39.01,2024-11,2024,-2.110228401191662,11.826432217810556,1.0766470135862645
2024-11-12,PROD_015,Salomon Speedcross 5 GTX,Outdoor,Zapatillas Trail,150,True,5,151.7,758.5,149.46,158.06,143.63,2024-11,2024,1.4987287568580092,-4.023788434771614,5.618603355844875
2024-11-12,PROD_016,Trek Marlin 7,Outdoor,Bicicleta Montaña,830,True,3,832.18,2496.54,831.8,776.82,848.06,2024-11,2024,0.04568405866794848,7.126490049174827,-1.8725090205881656
2024-11-12,PROD_017,The North Face Borealis,Outdoor,Mochila Trekking,95,False,3,95.2,285.6,91.13,88.28,93.3,2024-11,2024,4.466147262152977,7.83869506116901,2.0364415862808207
2024-11-12,PROD_018,Columbia Silver Ridge,Outdoor,Ropa Montaña,70,False,2,68.62,137.24,73.11,64.46,70.86,2024-11,2024,-6.141430720831616,6.4536146447409415,-3.161162856336431
2024-11-12,PROD_019,Merrell Moab 2 GTX,Outdoor,Zapatillas Trail,110,False,2,111.58,223.16,104.84,102.02,112.53,2024-11,2024,6.4288439526898085,9.370711625171538,-0.8442193192926356
2024-11-12,PROD_020,Quechua MH500,Outdoor,Ropa Montaña,80,False,2,77.97,155.94,82.28,74.1,75.33,2024-11,2024,-5.2382109868740905,5.222672064777335,3.504579848665871
2024-11-12,PROD_021,Manduka PRO Yoga Mat,Wellness,Esterilla Yoga,130,True,7,130.69,914.83,140.72,120.94,134.14,2024-11,2024,-7.127629334849347,8.061848850669753,-2.571939764425219
2024-11-12,PROD_022,Gaiam Premium Yoga Block,Wellness,Bloque Yoga,20,False,1,20.56,20.56,19.99,17.82,19.51,2024-11,2024,2.8514257128564298,15.375982042648701,5.381855458739093
2024-11-12,PROD_023,Liforme Yoga Pad,Wellness,Rodillera Yoga,35,False,2,34.58,69.16,35.57,32.06,35.08,2024-11,2024,-2.783244307000287,7.860262008733611,-1.4253135689851768
2024-11-12,PROD_024,Lotuscrafts Yoga Bolster,Wellness,Cojín Yoga,50,False,1,49.6,49.6,51.69,44.85,48.32,2024-11,2024,-4.043335267943502,10.590858416945373,2.6490066225165587
2024-11-13,PROD_001,Nike Air Zoom Pegasus 40,Running,Zapatillas Running,115,True,15,113.43,1701.45,93.68,119.85,107.45,2024-11,2024,21.082408198121264,-5.356695869837287,5.565379246161008
2024-11-13,PROD_002,Adidas Ultraboost 23,Running,Zapatillas Running,135,True,14,132.5,1855.0,126.77,119.66,131.07,2024-11,2024,4.519996844679343,10.730402807955878,1.0910200656137994
2024-11-13,PROD_003,Asics Gel Nimbus 25,Running,Zapatillas Running,85,False,3,83.97,251.91,81.31,75.57,85.07,2024-11,2024,3.2714303283728894,11.11552203255261,-1.2930527800634706
2024-11-13,PROD_004,New Balance Fresh Foam X 1080v12,Running,Zapatillas Running,75,False,2,72.86,145.72,73.87,64.35,71.65,2024-11,2024,-1.367266820089353,13.224553224553235,1.688764829029998
2024-11-13,PROD_005,Nike Dri-FIT Miler,Running,Ropa Running,35,False,3,35.93,107.79,35.53,30.7,35.73,2024-11,2024,1.125809175344775,17.03583061889251,0.5597537083683259
2024-11-13,PROD_006,Adidas Own The Run Jacket,Running,Ropa Running,65,False,3,65.79,197.37,61.22,58.53,62.09,2024-11,2024,7.46488075792226,12.40389543823681,5.9590916411660535
2024-11-13,PROD_007,Puma Velocity Nitro 2,Running,Zapatillas Running,70,False,3,68.2,204.6,63.03,62.75,71.63,2024-11,2024,8.202443280977315,8.685258964143431,-4.78849644003908
2024-11-13,PROD_008,Reebok Floatride Energy 5,Running,Zapatillas Running,65,False,3,66.89,200.67,64.51,63.06,63.81,2024-11,2024,3.689350488296381,6.073580716777669,4.826829650524993
2024-11-13,PROD_009,Bowflex SelectTech 552,Fitness,Mancuernas Ajustables,400,True,3,396.21,1188.63,406.61,364.42,389.42,2024-11,2024,-2.5577334546617236,8.723450963174349,1.74361871501206
2024-11-13,PROD_010,Domyos BM900,Fitness,Banco Gimnasio,175,True,2,170.73,341.46,191.57,162.58,182.95,2024-11,2024,-10.878530041238193,5.012916717923469,-6.679420606723148
2024-11-13,PROD_011,Reebok Professional Deck,Fitness,Esterilla Fitness,45,False,3,46.09,138.27,47.09,41.86,47.37,2024-11,2024,-2.1235931195582927,10.105112279025333,-2.7021321511505048
2024-11-13,PROD_012,Domyos Kit Mancuernas 20kg,Fitness,Pesas Casa,55,False,4,55.67,222.68,59.22,50.01,56.27,2024-11,2024,-5.99459642012833,11.317736452709466,-1.0662875422072176
2024-11-13,PROD_013,Decathlon Bandas Elásticas Set,Fitness,Bandas Elásticas,25,False,3,25.59,76.77,23.0,23.28,25.4,2024-11,2024,11.26086956521739,9.922680412371127,0.7480314960629972
2024-11-13,PROD_014,Sveltus Kettlebell 12kg,Fitness,Pesa Rusa,40,False,4,39.65,158.6,42.24,34.74,41.81,2024-11,2024,-6.131628787878796,14.13356361542889,-5.166228175077741
2024-11-13,PROD_015,Salomon Speedcross 5 GTX,Outdoor,Zapatillas Trail,150,True,5,147.2,736.0,150.13,161.29,148.02,2024-11,2024,-1.951641910344373,-8.735817471634947,-0.5539791920010955
2024-11-13,PROD_016,Trek Marlin 7,Outdoor,Bicicleta Montaña,830,True,4,834.42,3337.68,832.07,781.24,848.76,2024-11,2024,0.28242816109220487,6.807127131227274,-1.6895235402233884
2024-11-13,PROD_017,The North Face Borealis,Outdoor,Mochila Trekking,95,False,2,96.93,193.86,90.85,88.14,94.82,2024-11,2024,6.6923500275179,9.972770592239625,2.225268930605372
2024-11-13,PROD_018,Columbia Silver Ridge,Outdoor,Ropa Montaña,70,False,2,69.37,138.74,74.86,65.22,73.1,2024-11,2024,-7.333689553833817,6.363078810180935,-5.102599179206553
2024-11-13,PROD_019,Merrell Moab 2 GTX,Outdoor,Zapatillas Trail,110,False,2,107.84,215.68,119.73,98.93,106.1,2024-11,2024,-9.930677357387454,9.00636813908824,1.6399622997172565
2024-11-13,PROD_020,Quechua MH500,Outdoor,Ropa Montaña,80,False,2,80.73,161.46,81.29,71.42,76.16,2024-11,2024,-0.6888916225858067,13.035564267712127,6.000525210084043
2024-11-13,PROD_021,Manduka PRO Yoga Mat,Wellness,Esterilla Yoga,130,True,7,127.42,891.94,139.55,121.83,130.82,2024-11,2024,-8.692225008957369,4.5883608306656845,-2.598990979972475
2024-11-13,PROD_022,Gaiam Premium Yoga Block,Wellness,Bloque Yoga,20,False,2,20.47,40.94,20.49,18.75,19.62,2024-11,2024,-0.09760858955587885,9.173333333333328,4.332313965341477
2024-11-13,PROD_023,Liforme Yoga Pad,Wellness,Rodillera Yoga,35,False,2,34.13,68.26,35.15,32.29,36.42,2024-11,2024,-2.90184921763868,5.698358624961299,-6.287753981328938
2024-11-13,PROD_024,Lotuscrafts Yoga Bolster,Wellness,Cojín Yoga,50,False,1,48.63,48.63,50.71,45.85,48.4,2024-11,2024,-4.101755077893903,6.0632497273718675,0.4752066115702561
2024-11-14,PROD_001,Nike Air Zoom Pegasus 40,Running,Zapatillas Running,115,True,12,118.44,1421.28,91.1,119.19,107.13,2024-11,2024,30.010976948408345,-0.6292474200855777,10.557266872024645
2024-11-14,PROD_002,Adidas Ultraboost 23,Running,Zapatillas Running,135,True,15,134.31,2014.65,126.14,122.21,134.88,2024-11,2024,6.476930394799431,9.900990099009908,-0.4225978647686783
2024-11-14,PROD_003,Asics Gel Nimbus 25,Running,Zapatillas Running,85,False,3,82.49,247.47,77.88,82.31,84.87,2024-11,2024,5.919363122752952,0.21868545741707276,-2.8042889124543535
2024-11-14,PROD_004,New Balance Fresh Foam X 1080v12,Running,Zapatillas Running,75,False,3,75.1,225.3,80.61,67.59,76.04,2024-11,2024,-6.8353802257784455,11.111111111111097,-1.2361914781694001
2024-11-14,PROD_005,Nike Dri-FIT Miler,Running,Ropa Running,35,False,2,35.26,70.52,36.98,31.41,37.59,2024-11,2024,-4.651162790697672,12.257242916268698,-6.198457036445877
2024-11-14,PROD_006,Adidas Own The Run Jacket,Running,Ropa Running,65,False,3,65.85,197.55,60.91,60.4,62.17,2024-11,2024,8.110326711541616,9.023178807947014,5.919253659321204
2024-11-14,PROD_007,Puma Velocity Nitro 2,Running,Zapatillas Running,70,False,3,68.39,205.17,67.66,63.98,66.88,2024-11,2024,1.0789240319243336,6.892778993435454,2.2577751196172327
2024-11-14,PROD_008,Reebok Floatride Energy 5,Running,Zapatillas Running,65,False,2,63.38,126.76,63.26,57.99,64.66,2024-11,2024,0.1896933291179332,9.29470598379031,-1.9795855242808444
2024-11-14,PROD_009,Bowflex SelectTech 552,Fitness,Mancuernas Ajustables,400,True,2,390.8,781.6,405.79,361.01,391.01,2024-11,2024,-3.694028931220584,8.251848979252658,-0.05370706631543427
2024-11-14,PROD_010,Domyos BM900,Fitness,Banco Gimnasio,175,True,3,171.72,515.16,189.4,163.14,178.66,2024-11,2024,-9.334741288278778,5.259286502390593,-3.8844733012425823
2024-11-14,PROD_011,Reebok Professional Deck,Fitness,Esterilla Fitness,45,False,3,44.16,132.48,44.42,41.46,42.77,2024-11,2024,-0.5853219270598944,6.512301013024592,3.2499415478138727
2024-11-14,PROD_012,Domyos Kit Mancuernas 20kg,Fitness,Pesas Casa,55,False,4,54.92,219.68,51.11,51.45,56.25,2024-11,2024,7.454509880649583,6.744412050534497,-2.364444444444441
2024-11-14,PROD_013,Decathlon Bandas Elásticas Set,Fitness,Bandas Elásticas,25,False,3,25.03,75.09,26.41,22.79,25.81,2024-11,2024,-5.2252934494509615,9.828872312417737,-3.022084463386275
2024-11-14,PROD_014,Sveltus Kettlebell 12kg,Fitness,Pesa Rusa,40,False,3,39.42,118.26,40.72,36.58,41.64,2024-11,2024,-3.192534381139482,7.763805358119201,-5.331412103746395
2024-11-14,PROD_015,Salomon Speedcross 5 GTX,Outdoor,Zapatillas Trail,150,True,5,151.21,756.05,151.51,158.7,143.67,2024-11,2024,-0.1980067322288845,-4.71959672337743,5.248138094243767
2024-11-14,PROD_016,Trek Marlin 7,Outdoor,Bicicleta Montaña,830,True,3,841.73,2525.19,809.38,791.12,863.16,2024-11,2024,3.996886505720431,6.397259581353021,-2.4827378469808554
2024-11-14,PROD_017,The North Face Borealis,Outdoor,Mochila Trekking,95,False,2,92.88,185.76,91.36,88.33,90.27,2024-11,2024,1.6637478108581392,5.1511377787841015,2.891326021934197
2024-11-14,PROD_018,Columbia Silver Ridge,Outdoor,Ropa Montaña,70,False,2,69.96,139.92,70.77,68.06,67.17,2024-11,2024,-1.1445527766002577,2.7916544225683095,4.153640017865107
2024-11-14,PROD_019,Merrell Moab 2 GTX,Outdoor,Zapatillas Trail,110,False,2,108.68,217.36,107.52,101.85,107.27,2024-11,2024,1.0788690476190577,6.705940108001976,1.3144401976321531
2024-11-14,PROD_020,Quechua MH500,Outdoor,Ropa Montaña,80,False,2,81.58,163.16,86.07,73.06,78.96,2024-11,2024,-5.216684094341809,11.66164796058034,3.3181357649442815
2024-11-14,PROD_021,Manduka PRO Yoga Mat,Wellness,Esterilla Yoga,130,True,7,127.91,895.37,143.33,119.39,131.32,2024-11,2024,-10.75838972999373,7.136276070022611,-2.596710325921411
2024-11-14,PROD_022,Gaiam Premium Yoga Block,Wellness,Bloque Yoga,20,False,1,20.37,20.37,21.06,17.85,18.75,2024-11,2024,-3.276353276353266,14.117647058823527,8.640000000000004
2024-11-14,PROD_023,Liforme Yoga Pad,Wellness,Rodillera Yoga,35,False,1,34.11,34.11,35.58,32.09,36.02,2024-11,2024,-4.131534569983134,6.294795886569012,-5.302609661299288
2024-11-14,PROD_024,Lotuscrafts Yoga Bolster,Wellness,Cojín Yoga,50,False,1,49.31,49.31,48.94,43.43,46.61,2024-11,2024,0.7560277891295557,13.539028321436799,5.792748337266687
2024-11-15,PROD_001,Nike Air Zoom Pegasus 40,Running,Zapatillas Running,115,True,19,112.32,2134.08,91.5,118.28,107.44,2024-11,2024,22.754098360655732,-5.038890767669942,4.542069992553979
2024-11-15,PROD_002,Adidas Ultraboost 23,Running,Zapatillas Running,135,True,17,131.4,2233.8,125.49,120.35,127.49,2024-11,2024,4.709538608654085,9.181553801412557,3.0669072084085114
2024-11-15,PROD_003,Asics Gel Nimbus 25,Running,Zapatillas Running,85,False,4,83.9,335.6,83.28,78.32,83.93,2024-11,2024,0.7444764649375655,7.124616956077647,-0.0357440724413215
2024-11-15,PROD_004,New Balance Fresh Foam X 1080v12,Running,Zapatillas Running,75,False,3,73.87,221.61,74.01,64.81,72.95,2024-11,2024,-0.18916362653695523,13.97932417836754,1.2611377655928742
2024-11-15,PROD_005,Nike Dri-FIT Miler,Running,Ropa Running,35,False,4,35.58,142.32,36.64,33.33,35.09,2024-11,2024,-2.8930131004366872,6.750675067506751,1.3964092333998142
2024-11-15,PROD_006,Adidas Own The Run Jacket,Running,Ropa Running,65,False,3,66.41,199.23,64.85,58.31,65.38,2024-11,2024,2.4055512721665417,13.891270794031888,1.575405322728665
2024-11-15,PROD_007,Puma Velocity Nitro 2,Running,Zapatillas Running,70,False,3,68.01,204.03,75.4,66.53,70.67,2024-11,2024,-9.801061007957559,2.2245603487148715,-3.763973397481246
2024-11-15,PROD_008,Reebok Floatride Energy 5,Running,Zapatillas Running,65,False,3,66.5,199.5,67.96,58.73,67.26,2024-11,2024,-2.148322542672151,13.230035756853404,-1.129943502824866
2024-11-15,PROD_009,Bowflex SelectTech 552,Fitness,Mancuernas Ajustables,400,True,3,391.18,1173.54,400.91,367.27,397.14,2024-11,2024,-2.426978623631243,6.510196857897467,-1.500730221080722
2024-11-15,PROD_010,Domyos BM900,Fitness,Banco Gimnasio,175,True,3,178.52,535.56,192.05,164.43,181.4,2024-11,2024,-7.04504035407446,8.568995925317765,-1.5876515986769546
2024-11-15,PROD_011,Reebok Professional Deck,Fitness,Esterilla Fitness,45,False,4,45.96,183.84,42.91,42.32,45.25,2024-11,2024,7.107900256350512,8.601134215500947,1.5690607734806647
2024-11-15,PROD_012,Domyos Kit Mancuernas 20kg,Fitness,Pesas Casa,55,False,5,53.69,268.45,54.02,50.38,52.91,2024-11,2024,-0.6108848574602098,6.570067487098045,1.4742014742014764
2024-11-15,PROD_013,Decathlon Bandas Elásticas Set,Fitness,Bandas Elásticas,25,False,4,25.19,100.76,24.95,22.66,23.55,2024-11,2024,0.9619238476953987,11.165048543689325,6.9639065817409795
2024-11-15,PROD_014,Sveltus Kettlebell 12kg,Fitness,Pesa Rusa,40,False,4,41.16,164.64,39.49,38.99,41.1,2024-11,2024,4.2289187135983655,5.565529622980237,0.14598540145984226
2024-11-15,PROD_015,Salomon Speedcross 5 GTX,Outdoor,Zapatillas Trail,150,True,5,152.92,764.6,151.43,157.32,144.08,2024-11,2024,0.9839529815756327,-2.7968471904398715,6.135480288728466
2024-11-15,PROD_016,Trek Marlin 7,Outdoor,Bicicleta Montaña,830,True,4,826.64,3306.56,812.88,792.67,859.71,2024-11,2024,1.692746776892037,4.285516040723129,-3.846645962010451
2024-11-15,PROD_017,The North Face Borealis,Outdoor,Mochila Trekking,95,False,3,95.91,287.73,97.74,89.08,93.39,2024-11,2024,-1.872314303253528,7.667265379434214,2.6983617089624117
2024-11-15,PROD_018,Columbia Silver Ridge,Outdoor,Ropa Montaña,70,False,3,71.89,215.67,73.29,65.26,67.25,2024-11,2024,-1.910219675262663,10.15936254980079,6.899628252788105
2024-11-15,PROD_019,Merrell Moab 2 GTX,Outdoor,Zapatillas Trail,110,False,2,107.59,215.18,111.8,99.85,113.59,2024-11,2024,-3.765652951699458,7.7516274411617525,-5.282155119288669
2024-11-15,PROD_020,Quechua MH500,Outdoor,Ropa Montaña,80,False,2,79.67,159.34,83.38,73.1,80.93,2024-11,2024,-4.449508275365788,8.987688098495223,-1.556901025577666
2024-11-15,PROD_021,Manduka PRO Yoga Mat,Wellness,Esterilla Yoga,130,True,7,133.63,935.41,137.1,122.5,129.68,2024-11,2024,-2.5309992706053968,9.085714285714282,3.0459592843923415
2024-11-15,PROD_022,Gaiam Premium Yoga Block,Wellness,Bloque Yoga,20,False,2,19.47,38.94,18.28,18.22,20.59,2024-11,2024,6.509846827133467,6.860592755214051,-5.4395337542496405
2024-11-15,PROD_023,Liforme Yoga Pad,Wellness,Rodillera Yoga,35,False,2,35.98,71.96,31.44,32.0,36.62,2024-11,2024,14.440203562340953,12.43749999999999,-1.74767886400874
2024-11-15,PROD_024,Lotuscrafts Yoga Bolster,Wellness,Cojín Yoga,50,False,2,50.82,101.64,52.52,43.31,48.28,2024-11,2024,-3.2368621477532424,17.34010621103671,5.260977630488814
2024-11-16,PROD_001,Nike Air Zoom Pegasus 40,Running,Zapatillas Running,115,True,16,116.11,1857.76,91.94,119.26,107.19,2024-11,2024,26.28888405481836,-2.6412879423109223,8.32167179774233
2024-11-16,PROD_002,Adidas Ultraboost 23,Running,Zapatillas Running,135,True,20,135.88,2717.6,129.3,116.82,134.35,2024-11,2024,5.088940448569206,16.315699366546827,1.1388165240044668
2024-11-16,PROD_003,Asics Gel Nimbus 25,Running,Zapatillas Running,85,False,5,83.88,419.4,93.05,75.41,82.79,2024-11,2024,-9.854916711445462,11.231932104495424,1.3165841285179238
2024-11-16,PROD_004,New Balance Fresh Foam X 1080v12,Running,Zapatillas Running,75,False,4,72.89,291.56,68.58,66.06,74.48,2024-11,2024,6.284631087780698,10.339085679685132,-2.1348012889366315
2024-11-16,PROD_005,Nike Dri-FIT Miler,Running,Ropa Running,35,False,4,34.33,137.32,37.43,30.39,35.38,2024-11,2024,-8.282126636387927,12.96479104968739,-2.9677784058790393
2024-11-16,PROD_006,Adidas Own The Run Jacket,Running,Ropa Running,65,False,4,64.23,256.92,59.28,62.1,64.25,2024-11,2024,8.350202429149803,3.4299516908212597,-0.031128404669254508
2024-11-16,PROD_007,Puma Velocity Nitro 2,Running,Zapatillas Running,70,False,3,71.78,215.34,67.09,62.23,68.39,2024-11,2024,6.990609628856756,15.346295998714455,4.956865038748356
2024-11-16,PROD_008,Reebok Floatride Energy 5,Running,Zapatillas Running,65,False,3,63.75,191.25,65.88,59.61,64.57,2024-11,2024,-3.2331511839708496,6.945143432310016,-1.2699396004336274
2024-11-16,PROD_009,Bowflex SelectTech 552,Fitness,Mancuernas Ajustables,400,True,3,401.88,1205.64,408.79,371.0,386.75,2024-11,2024,-1.690354460725562,8.323450134770887,3.912087912087911
2024-11-16,PROD_010,Domyos BM900,Fitness,Banco Gimnasio,175,True,3,171.41,514.23,196.44,164.37,176.92,2024-11,2024,-12.741804113215233,4.283020015817967,-3.114401989599814
2024-11-16,PROD_011,Reebok Professional Deck,Fitness,Esterilla Fitness,45,False,5,45.26,226.3,42.91,40.72,46.48,2024-11,2024,5.476578886040554,11.149312377210215,-2.6247848537005143
2024-11-16,PROD_012,Domyos Kit Mancuernas 20kg,Fitness,Pesas Casa,55,False,5,56.19,280.95,56.64,49.18,57.74,2024-11,2024,-0.7944915254237338,14.253761691744607,-2.6844475233806793
2024-11-16,PROD_013,Decathlon Bandas Elásticas Set,Fitness,Bandas Elásticas,25,False,5,25.62,128.1,23.47,23.13,26.35,2024-11,2024,9.160630592245429,10.765239948119335,-2.770398481973436
2024-11-16,PROD_014,Sveltus Kettlebell 12kg,Fitness,Pesa Rusa,40,False,5,39.35,196.75,42.24,36.28,40.1,2024-11,2024,-6.841856060606062,8.461962513781698,-1.8703241895261846
2024-11-16,PROD_015,Salomon Speedcross 5 GTX,Outdoor,Zapatillas Trail,150,True,6,147.97,887.82,150.02,155.79,148.96,2024-11,2024,-1.366484468737509,-5.019577636562034,-0.664607948442541
2024-11-16,PROD_016,Trek Marlin 7,Outdoor,Bicicleta Montaña,830,True,5,817.69,4088.45,839.0,777.08,871.63,2024-11,2024,-2.5399284862931997,5.225974159674681,-6.188405630829588
2024-11-16,PROD_017,The North Face Borealis,Outdoor,Mochila Trekking,95,False,4,97.7,390.8,96.85,85.11,91.06,2024-11,2024,0.877645844088806,14.792621313594175,7.291895453547112
2024-11-16,PROD_018,Columbia Silver Ridge,Outdoor,Ropa Montaña,70,False,3,69.08,207.24,65.1,61.16,72.55,2024-11,2024,6.113671274961604,12.949640287769787,-4.7829083390764975
2024-11-16,PROD_019,Merrell Moab 2 GTX,Outdoor,Zapatillas Trail,110,False,3,110.68,332.04,108.39,104.95,108.72,2024-11,2024,2.1127410277700953,5.459742734635544,1.802796173657108
2024-11-16,PROD_020,Quechua MH500,Outdoor,Ropa Montaña,80,False,2,82.32,164.64,79.5,73.83,77.94,2024-11,2024,3.547169811320746,11.499390491670045,5.619707467282519
2024-11-16,PROD_021,Manduka PRO Yoga Mat,Wellness,Esterilla Yoga,130,True,9,127.13,1144.17,139.69,118.4,129.14,2024-11,2024,-8.991337962631544,7.373310810810802,-1.556450363946098
2024-11-16,PROD_022,Gaiam Premium Yoga Block,Wellness,Bloque Yoga,20,False,2,20.43,40.86,21.52,18.72,20.52,2024-11,2024,-5.065055762081784,9.13461538461539,-0.43859649122806943
2024-11-16,PROD_023,Liforme Yoga Pad,Wellness,Rodillera Yoga,35,False,2,34.97,69.94,38.14,31.55,34.46,2024-11,2024,-8.311484006292611,10.839936608557839,1.4799767846778815
2024-11-16,PROD_024,Lotuscrafts Yoga Bolster,Wellness,Cojín Yoga,50,False,2,51.02,102.04,49.18,45.02,48.72,2024-11,2024,3.741358275721845,13.32741003998223,4.720853858784902
2024-11-17,PROD_001,Nike Air Zoom Pegasus 40,Running,Zapatillas Running,115,True,16,114.79,1836.64,90.81,119.44,104.93,2024-11,2024,26.406783393899353,-3.893168117883449,9.3967406842657
2024-11-17,PROD_002,Adidas Ultraboost 23,Running,Zapatillas Running,135,True,16,138.54,2216.64,127.02,121.37,132.75,2024-11,2024,9.069437883797825,14.14682376204992,4.361581920903949
2024-11-17,PROD_003,Asics Gel Nimbus 25,Running,Zapatillas Running,85,False,3,82.94,248.82,81.02,80.51,82.04,2024-11,2024,2.369785238212789,3.018258601415964,1.0970258410531344
2024-11-17,PROD_004,New Balance Fresh Foam X 1080v12,Running,Zapatillas Running,75,False,3,73.44,220.32,69.87,68.72,74.41,2024-11,2024,5.10948905109488,6.868451688009311,-1.3035882273887904
2024-11-17,PROD_005,Nike Dri-FIT Miler,Running,Ropa Running,35,False,3,34.8,104.4,33.2,33.2,34.34,2024-11,2024,4.819277108433717,4.819277108433717,1.3395457192777918
2024-11-17,PROD_006,Adidas Own The Run Jacket,Running,Ropa Running,65,False,2,63.21,126.42,66.1,58.55,61.94,2024-11,2024,-4.3721633888048315,7.959009393680621,2.0503713270907378
2024-11-17,PROD_007,Puma Velocity Nitro 2,Running,Zapatillas Running,70,False,3,68.82,206.46,70.52,65.1,71.15,2024-11,2024,-2.41066364152014,5.714285714285713,-3.2747716092761947
2024-11-17,PROD_008,Reebok Floatride Energy 5,Running,Zapatillas Running,65,False,3,64.34,193.02,67.71,59.58,62.61,2024-11,2024,-4.977108255796766,7.989258140315552,2.7631368790928033
2024-11-17,PROD_009,Bowflex SelectTech 552,Fitness,Mancuernas Ajustables,400,True,3,399.07,1197.21,411.26,365.07,391.3,2024-11,2024,-2.964061664154063,9.31328238420029,1.9856887298747719
2024-11-17,PROD_010,Domyos BM900,Fitness,Banco Gimnasio,175,True,3,179.8,539.4,189.94,163.1,177.64,2024-11,2024,-5.338527956196686,10.239117106069905,1.2159423553253914
2024-11-17,PROD_011,Reebok Professional Deck,Fitness,Esterilla Fitness,45,False,4,44.44,177.76,43.17,39.75,46.8,2024-11,2024,2.9418577716006395,11.798742138364775,-5.042735042735043
2024-11-17,PROD_012,Domyos Kit Mancuernas 20kg,Fitness,Pesas Casa,55,False,5,53.36,266.8,56.19,48.88,53.49,2024-11,2024,-5.036483360028472,9.165302782324051,-0.24303608151056752
2024-11-17,PROD_013,Decathlon Bandas Elásticas Set,Fitness,Bandas Elásticas,25,False,5,25.15,125.75,26.85,24.12,25.77,2024-11,2024,-6.331471135940419,4.270315091210604,-2.4058983313930966
2024-11-17,PROD_014,Sveltus Kettlebell 12kg,Fitness,Pesa Rusa,40,False,3,40.6,121.8,41.52,36.85,40.21,2024-11,2024,-2.215799614643549,10.176390773405698,0.9699079830887852
2024-11-17,PROD_015,Salomon Speedcross 5 GTX,Outdoor,Zapatillas Trail,150,True,4,154.01,616.04,150.19,157.25,143.51,2024-11,2024,2.5434449697050354,-2.0604133545310077,7.316563305692983
2024-11-17,PROD_016,Trek Marlin 7,Outdoor,Bicicleta Montaña,830,True,3,825.04,2475.12,838.9,770.45,875.32,2024-11,2024,-1.6521635475026837,7.085469530793681,-5.74418498377737
2024-11-17,PROD_017,The North Face Borealis,Outdoor,Mochila Trekking,95,False,3,93.84,281.52,101.18,86.15,97.12,2024-11,2024,-7.2543981023917805,8.926291352292509,-3.3772652388797377
2024-11-17,PROD_018,Columbia Silver Ridge,Outdoor,Ropa Montaña,70,False,3,68.56,205.68,68.7,66.26,66.21,2024-11,2024,-0.2037845705967985,3.471174162390578,3.5493127926295256
2024-11-17,PROD_019,Merrell Moab 2 GTX,Outdoor,Zapatillas Trail,110,False,3,113.18,339.54,104.82,100.84,108.36,2024-11,2024,7.975577179927508,12.237207457358194,4.448135843484687
2024-11-17,PROD_020,Quechua MH500,Outdoor,Ropa Montaña,80,False,2,82.39,164.78,77.66,72.63,85.08,2024-11,2024,6.0906515580736595,13.437973289274414,-3.161730136342263
2024-11-17,PROD_021,Manduka PRO Yoga Mat,Wellness,Esterilla Yoga,130,True,7,130.03,910.21,140.17,122.27,129.74,2024-11,2024,-7.234072911464641,6.346609961560485,0.22352397101895485
2024-11-17,PROD_022,Gaiam Premium Yoga Block,Wellness,Bloque Yoga,20,False,2,19.4,38.8,18.26,17.96,20.1,2024-11,2024,6.243154435925503,8.017817371937626,-3.482587064676631
2024-11-17,PROD_023,Liforme Yoga Pad,Wellness,Rodillera Yoga,35,False,2,35.64,71.28,33.46,32.35,35.52,2024-11,2024,6.515242080095636,10.170015455950537,0.3378378378378306
2024-11-17,PROD_024,Lotuscrafts Yoga Bolster,Wellness,Cojín Yoga,50,False,2,48.75,97.5,50.67,46.43,48.03,2024-11,2024,-3.789224393132034,4.996769330174457,1.4990630855715155
2024-11-18,PROD_001,Nike Air Zoom Pegasus 40,Running,Zapatillas Running,115,True,17,116.24,1976.08,92.12,123.77,107.21,2024-11,2024,26.183239253148056,-6.083865233901593,8.422721761029756
2024-11-18,PROD_002,Adidas Ultraboost 23,Running,Zapatillas Running,135,True,14,138.76,1942.64,126.32,121.1,128.87,2024-11,2024,9.848005066497782,14.582989265070188,7.674400558702557
2024-11-18,PROD_003,Asics Gel Nimbus 25,Running,Zapatillas Running,85,False,3,86.38,259.14,84.6,75.96,83.7,2024-11,2024,2.1040189125295523,13.717746182201163,3.201911589008354
2024-11-18,PROD_004,New Balance Fresh Foam X 1080v12,Running,Zapatillas Running,75,False,2,73.4,146.8,79.13,69.92,79.91,2024-11,2024,-7.24124857828888,4.977116704805497,-8.146664998122876
2024-11-18,PROD_005,Nike Dri-FIT Miler,Running,Ropa Running,35,False,2,34.59,69.18,31.88,32.42,33.6,2024-11,2024,8.50062735257216,6.6933991363356,2.9464285714285774
2024-11-18,PROD_006,Adidas Own The Run Jacket,Running,Ropa Running,65,False,2,66.62,133.24,67.12,58.32,65.35,2024-11,2024,-0.7449344457687723,14.231824417009609,1.943381790359618
2024-11-18,PROD_007,Puma Velocity Nitro 2,Running,Zapatillas Running,70,False,3,67.95,203.85,72.85,65.75,67.29,2024-11,2024,-6.726149622512,3.346007604562742,0.980829246544801
2024-11-18,PROD_008,Reebok Floatride Energy 5,Running,Zapatillas Running,65,False,2,65.91,131.82,64.06,61.53,66.35,2024-11,2024,2.887917577271299,7.118478790833732,-0.6631499623210215
2024-11-18,PROD_009,Bowflex SelectTech 552,Fitness,Mancuernas Ajustables,400,True,3,403.45,1210.35,410.48,364.07,385.61,2024-11,2024,-1.7126291171311707,10.816601203065343,4.626436036409838
2024-11-18,PROD_010,Domyos BM900,Fitness,Banco Gimnasio,175,True,3,173.2,519.6,196.45,161.71,184.35,2024-11,2024,-11.83507253754136,7.105311978232626,-6.048277732573911
2024-11-18,PROD_011,Reebok Professional Deck,Fitness,Esterilla Fitness,45,False,3,45.68,137.04,45.56,39.88,44.73,2024-11,2024,0.26338893766461247,14.543630892678024,2.1238542365302995
2024-11-18,PROD_012,Domyos Kit Mancuernas 20kg,Fitness,Pesas Casa,55,False,5,56.33,281.65,60.37,50.83,53.09,2024-11,2024,-6.69206559549445,10.820381664371434,6.102844226784695
2024-11-18,PROD_013,Decathlon Bandas Elásticas Set,Fitness,Bandas Elásticas,25,False,4,24.32,97.28,24.08,21.83,25.91,2024-11,2024,0.9966777408637957,11.406321575813111,-6.136626785025086
2024-11-18,PROD_014,Sveltus Kettlebell 12kg,Fitness,Pesa Rusa,40,False,3,40.75,122.25,41.35,37.52,42.42,2024-11,2024,-1.451027811366388,8.608742004264384,-3.9368222536539403
2024-11-18,PROD_015,Salomon Speedcross 5 GTX,Outdoor,Zapatillas Trail,150,True,4,147.32,589.28,153.57,157.49,144.79,2024-11,2024,-4.069805300514424,-6.457552860499089,1.7473582429725818
2024-11-18,PROD_016,Trek Marlin 7,Outdoor,Bicicleta Montaña,830,True,4,809.36,3237.44,819.82,809.07,864.79,2024-11,2024,-1.2758898294747671,0.03584362292508233,-6.409648585205652
2024-11-18,PROD_017,The North Face Borealis,Outdoor,Mochila Trekking,95,False,3,95.8,287.4,93.88,87.54,100.5,2024-11,2024,2.0451640391989794,9.435686543294484,-4.676616915422889
2024-11-18,PROD_018,Columbia Silver Ridge,Outdoor,Ropa Montaña,70,False,2,68.03,136.06,68.0,60.1,68.02,2024-11,2024,0.0441176470588252,13.194675540765392,0.014701558365194232
2024-11-18,PROD_019,Merrell Moab 2 GTX,Outdoor,Zapatillas Trail,110,False,2,112.43,224.86,108.08,100.55,114.53,2024-11,2024,4.024796447076247,11.81501740427649,-1.833580721208412
2024-11-18,PROD_020,Quechua MH500,Outdoor,Ropa Montaña,80,False,2,77.97,155.94,87.13,74.53,76.88,2024-11,2024,-10.513026512108341,4.615591037166239,1.4177939646201918
2024-11-18,PROD_021,Manduka PRO Yoga Mat,Wellness,Esterilla Yoga,130,True,6,133.48,800.88,139.1,122.02,134.07,2024-11,2024,-4.04025880661395,9.39190296672676,-0.44006862086969745
2024-11-18,PROD_022,Gaiam Premium Yoga Block,Wellness,Bloque Yoga,20,False,1,19.99,19.99,20.01,18.14,19.45,2024-11,2024,-0.09995002498752185,10.198456449834607,2.776349614395883
2024-11-18,PROD_023,Liforme Yoga Pad,Wellness,Rodillera Yoga,35,False,1,35.7,35.7,32.65,32.2,37.56,2024-11,2024,9.341500765696797,10.869565217391305,-4.952076677316293
2024-11-18,PROD_024,Lotuscrafts Yoga Bolster,Wellness,Cojín Yoga,50,False,1,51.14,51.14,47.64,47.76,49.89,2024-11,2024,7.346767422334173,7.077051926298163,2.5055121266786933
2024-11-19,PROD_001,Nike Air Zoom Pegasus 40,Running,Zapatillas Running,115,True,12,118.2,1418.4,90.63,119.83,109.26,2024-11,2024,30.420390599139367,-1.3602603688558754,8.18231740801757
2024-11-19,PROD_002,Adidas Ultraboost 23,Running,Zapatillas Running,135,True,18,137.68,2478.24,125.87,120.77,127.85,2024-11,2024,9.382696432827522,14.001821644448134,7.688697692608535
2024-11-19,PROD_003,Asics Gel Nimbus 25,Running,Zapatillas Running,85,False,3,86.69,260.07,83.12,75.21,86.96,2024-11,2024,4.2949951876804535,15.263927669192935,-0.31048758049677555
2024-11-19,PROD_004,New Balance Fresh Foam X 1080v12,Running,Zapatillas Running,75,False,2,73.44,146.88,80.66,69.54,80.02,2024-11,2024,-8.951152987850234,5.608283002588426,-8.222944263934014
2024-11-19,PROD_005,Nike Dri-FIT Miler,Running,Ropa Running,35,False,3,35.28,105.84,34.17,34.0,33.24,2024-11,2024,3.248463564530288,3.7647058823529442,6.137184115523462
2024-11-19,PROD_006,Adidas Own The Run Jacket,Running,Ropa Running,65,False,3,64.31,192.93,66.91,59.47,65.07,2024-11,2024,-3.885816768793894,8.138557255759213,-1.1679729522053035
2024-11-19,PROD_007,Puma Velocity Nitro 2,Running,Zapatillas Running,70,False,3,69.79,209.37,67.38,64.85,66.68,2024-11,2024,3.5767289997031924,7.617579028527389,4.664067186562686
2024-11-19,PROD_008,Reebok Floatride Energy 5,Running,Zapatillas Running,65,False,3,64.29,192.87,68.95,61.17,60.83,2024-11,2024,-6.758520667150103,5.100539480137329,5.68798290317279
2024-11-19,PROD_009,Bowflex SelectTech 552,Fitness,Mancuernas Ajustables,400,True,2,393.83,787.66,408.27,356.41,391.06,2024-11,2024,-3.5368751071594775,10.499144243988653,0.7083312023730327
2024-11-19,PROD_010,Domyos BM900,Fitness,Banco Gimnasio,175,True,3,175.98,527.94,195.87,166.4,183.14,2024-11,2024,-10.15469444018993,5.7572115384615286,-3.9095773725019094
2024-11-19,PROD_011,Reebok Professional Deck,Fitness,Esterilla Fitness,45,False,5,45.4,227.0,48.44,38.99,45.28,2024-11,2024,-6.275805119735754,16.440112849448568,0.2650176678445173
2024-11-19,PROD_012,Domyos Kit Mancuernas 20kg,Fitness,Pesas Casa,55,False,4,56.28,225.12,58.24,51.84,56.97,2024-11,2024,-3.3653846153846168,8.56481481481481,-1.2111637704054725
2024-11-19,PROD_013,Decathlon Bandas Elásticas Set,Fitness,Bandas Elásticas,25,False,4,25.55,102.2,26.3,23.07,24.21,2024-11,2024,-2.8517110266159698,10.749891634156915,5.534902932672449
2024-11-19,PROD_014,Sveltus Kettlebell 12kg,Fitness,Pesa Rusa,40,False,3,39.85,119.55,41.82,35.08,37.88,2024-11,2024,-4.710664753706357,13.597491448118596,5.200633579725446
2024-11-19,PROD_015,Salomon Speedcross 5 GTX,Outdoor,Zapatillas Trail,150,True,4,148.07,592.28,147.5,158.38,147.19,2024-11,2024,0.38644067796609705,-6.509660310645285,0.5978667029010092
2024-11-19,PROD_016,Trek Marlin 7,Outdoor,Bicicleta Montaña,830,True,5,843.69,4218.45,834.61,782.76,852.9,2024-11,2024,1.087933286205538,7.78399509428178,-1.0798452339078348
2024-11-19,PROD_017,The North Face Borealis,Outdoor,Mochila Trekking,95,False,3,92.68,278.04,92.65,90.84,92.41,2024-11,2024,0.032379924446844184,2.025539409951567,0.29217617141003166
2024-11-19,PROD_018,Columbia Silver Ridge,Outdoor,Ropa Montaña,70,False,2,70.37,140.74,70.08,66.21,65.81,2024-11,2024,0.41381278538813676,6.2830388158888555,6.9290381401002925
2024-11-19,PROD_019,Merrell Moab 2 GTX,Outdoor,Zapatillas Trail,110,False,2,110.77,221.54,106.93,95.53,117.24,2024-11,2024,3.5911343869821275,15.953103737045948,-5.518594336403957
2024-11-19,PROD_020,Quechua MH500,Outdoor,Ropa Montaña,80,False,2,80.13,160.26,75.86,73.68,82.26,2024-11,2024,5.628789876087525,8.754071661237768,-2.5893508388038047
2024-11-19,PROD_021,Manduka PRO Yoga Mat,Wellness,Esterilla Yoga,130,True,6,126.4,758.4,138.81,116.77,132.98,2024-11,2024,-8.940278077948271,8.246981245182846,-4.948112498120007
2024-11-19,PROD_022,Gaiam Premium Yoga Block,Wellness,Bloque Yoga,20,False,2,20.27,40.54,18.6,18.12,19.37,2024-11,2024,8.978494623655903,11.8653421633554,4.6463603510583305
2024-11-19,PROD_023,Liforme Yoga Pad,Wellness,Rodillera Yoga,35,False,2,34.8,69.6,33.83,33.46,37.01,2024-11,2024,2.8672775642920456,4.0047818290496,-5.971359092137263
2024-11-19,PROD_024,Lotuscrafts Yoga Bolster,Wellness,Cojín Yoga,50,False,1,49.62,49.62,48.01,44.63,52.18,2024-11,2024,3.353468027494271,11.180820076181929,-4.906094288999621
2024-11-20,PROD_001,Nike Air Zoom Pegasus 40,Running,Zapatillas Running,115,True,18,115.96,2087.28,91.24,122.58,106.52,2024-11,2024,27.093380096448925,-5.400554739761792,8.86218550506947
2024-11-20,PROD_002,Adidas Ultraboost 23,Running,Zapatillas Running,135,True,16,131.1,2097.6,127.04,120.75,132.21,2024-11,2024,3.195843828715356,8.571428571428568,-0.8395734059450976
2024-11-20,PROD_003,Asics Gel Nimbus 25,Running,Zapatillas Running,85,False,4,86.71,346.84,89.27,75.31,84.88,2024-11,2024,-2.867704716030024,15.137431947948468,2.1559849198868974
2024-11-20,PROD_004,New Balance Fresh Foam X 1080v12,Running,Zapatillas Running,75,False,2,74.6,149.2,74.2,67.29,71.93,2024-11,2024,0.539083557951471,10.863426957943211,3.7119421659946994
2024-11-20,PROD_005,Nike Dri-FIT Miler,Running,Ropa Running,35,False,2,36.03,72.06,33.69,30.13,34.6,2024-11,2024,6.945681211041863,19.58181214736144,4.132947976878612
2024-11-20,PROD_006,Adidas Own The Run Jacket,Running,Ropa Running,65,False,3,66.1,198.3,62.19,61.52,66.41,2024-11,2024,6.287184434796586,7.444733420025994,-0.4667971691010424
2024-11-20,PROD_007,Puma Velocity Nitro 2,Running,Zapatillas Running,70,False,2,69.74,139.48,67.21,65.12,69.89,2024-11,2024,3.7643207855973833,7.094594594594579,-0.2146229789669562
2024-11-20,PROD_008,Reebok Floatride Energy 5,Running,Zapatillas Running,65,False,2,65.95,131.9,72.12,60.65,64.09,2024-11,2024,-8.555185801442043,8.738664468260518,2.9021688250897166
2024-11-20,PROD_009,Bowflex SelectTech 552,Fitness,Mancuernas Ajustables,400,True,3,392.38,1177.14,405.58,374.43,386.28,2024-11,2024,-3.254598352975982,4.793953475950108,1.5791653722688266
2024-11-20,PROD_010,Domyos BM900,Fitness,Banco Gimnasio,175,True,3,170.56,511.68,192.96,162.78,181.39,2024-11,2024,-11.60862354892206,4.779456935741492,-5.970560670378734
2024-11-20,PROD_011,Reebok Professional Deck,Fitness,Esterilla Fitness,45,False,4,44.19,176.76,48.78,40.98,43.5,2024-11,2024,-9.409594095940967,7.833089311859447,1.586206896551719
2024-11-20,PROD_012,Domyos Kit Mancuernas 20kg,Fitness,Pesas Casa,55,False,4,55.76,223.04,55.9,52.03,52.88,2024-11,2024,-0.25044722719141427,7.168940995579468,5.4462934947049835
2024-11-20,PROD_013,Decathlon Bandas Elásticas Set,Fitness,Bandas Elásticas,25,False,3,25.04,75.12,23.44,22.91,25.76,2024-11,2024,6.8259385665528916,9.29725010912265,-2.79503105590063
2024-11-20,PROD_014,Sveltus Kettlebell 12kg,Fitness,Pesa Rusa,40,False,3,38.92,116.76,42.61,36.04,38.29,2024-11,2024,-8.659938981459746,7.991120976692572,1.6453382084095132
2024-11-20,PROD_015,Salomon Speedcross 5 GTX,Outdoor,Zapatillas Trail,150,True,5,151.89,759.45,149.34,160.55,146.28,2024-11,2024,1.7075130574527808,-5.39395826845221,3.835110746513525
2024-11-20,PROD_016,Trek Marlin 7,Outdoor,Bicicleta Montaña,830,True,4,812.01,3248.04,815.87,792.48,844.19,2024-11,2024,-0.47311458933408673,2.4644155057540846,-3.81193807081345
2024-11-20,PROD_017,The North Face Borealis,Outdoor,Mochila Trekking,95,False,2,96.82,193.64,87.94,88.7,94.16,2024-11,2024,10.097793950420735,9.15445321307778,2.824978759558195
2024-11-20,PROD_018,Columbia Silver Ridge,Outdoor,Ropa Montaña,70,False,2,70.6,141.2,70.39,62.38,69.24,2024-11,2024,0.29833783207841136,13.177300416800241,1.9641825534373187
2024-11-20,PROD_019,Merrell Moab 2 GTX,Outdoor,Zapatillas Trail,110,False,2,111.92,223.84,107.64,99.23,112.95,2024-11,2024,3.9762170196952815,12.788471228459134,-0.911907923860116
2024-11-20,PROD_020,Quechua MH500,Outdoor,Ropa Montaña,80,False,2,82.0,164.0,77.7,71.72,78.05,2024-11,2024,5.53410553410553,14.333519241494702,5.060858424087127
2024-11-20,PROD_021,Manduka PRO Yoga Mat,Wellness,Esterilla Yoga,130,True,7,128.54,899.78,142.15,121.77,131.51,2024-11,2024,-9.574393246570533,5.559661657222629,-2.2583833928978776
2024-11-20,PROD_022,Gaiam Premium Yoga Block,Wellness,Bloque Yoga,20,False,1,19.85,19.85,20.1,18.84,19.95,2024-11,2024,-1.243781094527363,5.360934182590242,-0.5012531328320695
2024-11-20,PROD_023,Liforme Yoga Pad,Wellness,Rodillera Yoga,35,False,1,34.26,34.26,36.49,30.39,34.95,2024-11,2024,-6.11126335982462,12.73445212240868,-1.9742489270386403
2024-11-20,PROD_024,Lotuscrafts Yoga Bolster,Wellness,Cojín Yoga,50,False,1,49.37,49.37,48.89,44.59,46.82,2024-11,2024,0.9817958682757146,10.7198923525454,5.44639043143955
2024-11-21,PROD_001,Nike Air Zoom Pegasus 40,Running,Zapatillas Running,115,True,18,112.13,2018.34,93.67,123.18,107.55,2024-11,2024,19.70748371944058,-8.97061211235591,4.258484425848441
2024-11-21,PROD_002,Adidas Ultraboost 23,Running,Zapatillas Running,135,True,14,138.56,1939.84,123.16,123.3,128.29,2024-11,2024,12.504059759662233,12.376317923763184,8.005300491074916
2024-11-21,PROD_003,Asics Gel Nimbus 25,Running,Zapatillas Running,85,False,3,84.39,253.17,92.78,77.04,89.99,2024-11,2024,-9.042897176115543,9.540498442367593,-6.222913657073002
2024-11-21,PROD_004,New Balance Fresh Foam X 1080v12,Running,Zapatillas Running,75,False,3,75.66,226.98,78.47,69.71,71.4,2024-11,2024,-3.5809863642156268,8.535360780375848,5.9663865546218355
2024-11-21,PROD_005,Nike Dri-FIT Miler,Running,Ropa Running,35,False,3,35.1,105.3,32.44,31.49,35.85,2024-11,2024,8.199753390875475,11.46395681168626,-2.092050209205021
2024-11-21,PROD_006,Adidas Own The Run Jacket,Running,Ropa Running,65,False,2,65.57,131.14,64.27,61.05,67.91,2024-11,2024,2.0227166640734358,7.4037674037673975,-3.4457370048593776
2024-11-21,PROD_007,Puma Velocity Nitro 2,Running,Zapatillas Running,70,False,3,70.89,212.67,64.81,66.12,65.4,2024-11,2024,9.38126832278969,7.214156079854803,8.394495412844028
2024-11-21,PROD_008,Reebok Floatride Energy 5,Running,Zapatillas Running,65,False,2,63.51,127.02,64.04,57.2,65.51,2024-11,2024,-0.8276077451592883,11.031468531468521,-3.052969012364535
2024-11-21,PROD_009,Bowflex SelectTech 552,Fitness,Mancuernas Ajustables,400,True,3,388.24,1164.72,402.8,368.27,392.93,2024-11,2024,-3.6146971201588887,5.422651858690642,-1.193596823861756
2024-11-21,PROD_010,Domyos BM900,Fitness,Banco Gimnasio,175,True,3,176.28,528.84,196.9,163.0,181.8,2024-11,2024,-10.472320975114274,8.147239263803682,-3.036303630363042
2024-11-21,PROD_011,Reebok Professional Deck,Fitness,Esterilla Fitness,45,False,4,44.35,177.4,47.88,41.19,43.9,2024-11,2024,-7.372598162071848,7.671764991502801,1.025056947608207
2024-11-21,PROD_012,Domyos Kit Mancuernas 20kg,Fitness,Pesas Casa,55,False,4,54.34,217.36,53.45,51.84,56.88,2024-11,2024,1.6651075771749309,4.822530864197531,-4.4655414908579445
2024-11-21,PROD_013,Decathlon Bandas Elásticas Set,Fitness,Bandas Elásticas,25,False,3,24.99,74.97,26.23,22.36,25.9,2024-11,2024,-4.727411361036988,11.762075134168153,-3.5135135135135145
2024-11-21,PROD_014,Sveltus Kettlebell 12kg,Fitness,Pesa Rusa,40,False,4,39.93,159.72,38.37,36.87,39.1,2024-11,2024,4.065676309616895,8.299430431244922,2.1227621483375914
2024-11-21,PROD_015,Salomon Speedcross 5 GTX,Outdoor,Zapatillas Trail,150,True,5,146.21,731.05,151.43,162.18,146.66,2024-11,2024,-3.4471372911576292,-9.847083487483042,-0.3068321287331165
2024-11-21,PROD_016,Trek Marlin 7,Outdoor,Bicicleta Montaña,830,True,4,833.25,3333.0,826.98,804.76,874.12,2024-11,2024,0.7581803671189125,3.540185893931111,-4.675559419759302
2024-11-21,PROD_017,The North Face Borealis,Outdoor,Mochila Trekking,95,False,2,93.97,187.94,93.64,89.46,95.78,2024-11,2024,0.3524134985049106,5.041359266711385,-1.8897473376487808
2024-11-21,PROD_018,Columbia Silver Ridge,Outdoor,Ropa Montaña,70,False,2,70.71,141.42,69.56,65.95,73.76,2024-11,2024,1.6532489936745134,7.217589082638348,-4.13503253796097
2024-11-21,PROD_019,Merrell Moab 2 GTX,Outdoor,Zapatillas Trail,110,False,2,111.56,223.12,112.37,96.18,104.11,2024-11,2024,-0.7208329625344863,15.990850488667077,7.155892805686297
2024-11-21,PROD_020,Quechua MH500,Outdoor,Ropa Montaña,80,False,2,79.47,158.94,81.91,76.28,82.61,2024-11,2024,-2.978879257721887,4.181961195595172,-3.800992615906065
2024-11-21,PROD_021,Manduka PRO Yoga Mat,Wellness,Esterilla Yoga,130,True,6,131.44,788.64,142.33,119.82,133.11,2024-11,2024,-7.651233049954341,9.697880153563682,-1.2546014574412259
2024-11-21,PROD_022,Gaiam Premium Yoga Block,Wellness,Bloque Yoga,20,False,1,19.76,19.76,20.16,17.97,19.26,2024-11,2024,-1.984126984126977,9.961046188091279,2.5960539979231565
2024-11-21,PROD_023,Liforme Yoga Pad,Wellness,Rodillera Yoga,35,False,1,34.22,34.22,33.68,32.43,33.67,2024-11,2024,1.603325415676957,5.5195806352143055,1.6335016335016248
2024-11-21,PROD_024,Lotuscrafts Yoga Bolster,Wellness,Cojín Yoga,50,False,1,51.38,51.38,52.13,46.53,49.42,2024-11,2024,-1.438710915020142,10.423382763808299,3.966005665722381
2024-11-22,PROD_001,Nike Air Zoom Pegasus 40,Running,Zapatillas Running,115,True,18,118.06,2125.08,91.52,122.93,107.78,2024-11,2024,28.99912587412588,-3.9616041649719387,9.537947671182039
2024-11-22,PROD_002,Adidas Ultraboost 23,Running,Zapatillas Running,135,True,16,137.04,2192.64,125.19,118.64,128.68,2024-11,2024,9.465612269350583,15.509103169251508,6.496736089524389
2024-11-22,PROD_003,Asics Gel Nimbus 25,Running,Zapatillas Running,85,False,3,84.21,252.63,77.4,76.06,80.16,2024-11,2024,8.798449612403084,10.715224822508535,5.052395209580835
2024-11-22,PROD_004,New Balance Fresh Foam X 1080v12,Running,Zapatillas Running,75,False,4,75.84,303.36,74.33,72.19,71.49,2024-11,2024,2.0314812323422644,5.056101953179119,6.08476710029376
2024-11-22,PROD_005,Nike Dri-FIT Miler,Running,Ropa Running,35,False,3,34.04,102.12,35.18,32.74,34.81,2024-11,2024,-3.240477544059126,3.970678069639576,-2.212008043665622
2024-11-22,PROD_006,Adidas Own The Run Jacket,Running,Ropa Running,65,False,3,63.28,189.84,68.26,60.12,67.71,2024-11,2024,-7.2956343392909515,5.256154357950772,-6.542608181952433
2024-11-22,PROD_007,Puma Velocity Nitro 2,Running,Zapatillas Running,70,False,3,71.56,214.68,72.57,64.64,72.27,2024-11,2024,-1.3917596803086552,10.705445544554458,-0.9824270098242615
2024-11-22,PROD_008,Reebok Floatride Energy 5,Running,Zapatillas Running,65,False,3,64.6,193.8,66.59,58.55,64.3,2024-11,2024,-2.988436702207552,10.333048676345,0.46656298600310603
2024-11-22,PROD_009,Bowflex SelectTech 552,Fitness,Mancuernas Ajustables,400,True,3,391.27,1173.81,403.69,366.26,393.14,2024-11,2024,-3.076618197131466,6.828482498771363,-0.4756575265808629
2024-11-22,PROD_010,Domyos BM900,Fitness,Banco Gimnasio,175,True,3,173.51,520.53,195.98,161.44,180.87,2024-11,2024,-11.465455658740687,7.476461843409312,-4.069220987449556
2024-11-22,PROD_011,Reebok Professional Deck,Fitness,Esterilla Fitness,45,False,4,45.18,180.72,46.83,41.0,43.65,2024-11,2024,-3.5233824471492605,10.195121951219512,3.5051546391752604
2024-11-22,PROD_012,Domyos Kit Mancuernas 20kg,Fitness,Pesas Casa,55,False,4,55.72,222.88,49.82,49.65,52.87,2024-11,2024,11.842633480529905,12.225579053373616,5.390580669566865
2024-11-22,PROD_013,Decathlon Bandas Elásticas Set,Fitness,Bandas Elásticas,25,False,4,24.26,97.04,23.34,22.93,25.87,2024-11,2024,3.941730934018859,5.800261665939825,-6.223424816389638
2024-11-22,PROD_014,Sveltus Kettlebell 12kg,Fitness,Pesa Rusa,40,False,3,39.16,117.48,37.84,35.38,39.42,2024-11,2024,3.4883720930232376,10.684002261164483,-0.6595636732623164
2024-11-22,PROD_015,Salomon Speedcross 5 GTX,Outdoor,Zapatillas Trail,150,True,4,154.14,616.56,150.96,163.68,146.09,2024-11,2024,2.106518282988857,-5.828445747800599,5.510301868711057
2024-11-22,PROD_016,Trek Marlin 7,Outdoor,Bicicleta Montaña,830,True,5,810.69,4053.45,838.83,777.97,848.53,2024-11,2024,-3.3546725796645314,4.2058177050528975,-4.459476977832241
2024-11-22,PROD_017,The North Face Borealis,Outdoor,Mochila Trekking,95,False,3,94.35,283.05,97.5,90.63,92.54,2024-11,2024,-3.230769230769236,4.104601125455146,1.9559109574238036
2024-11-22,PROD_018,Columbia Silver Ridge,Outdoor,Ropa Montaña,70,False,3,69.89,209.67,68.16,63.66,72.05,2024-11,2024,2.5381455399061092,9.786365064404656,-2.9979181124219245
2024-11-22,PROD_019,Merrell Moab 2 GTX,Outdoor,Zapatillas Trail,110,False,3,111.27,333.81,104.42,104.72,113.48,2024-11,2024,6.560045968205319,6.254774637127576,-1.9474797321113921
2024-11-22,PROD_020,Quechua MH500,Outdoor,Ropa Montaña,80,False,2,78.75,157.5,73.91,72.91,78.3,2024-11,2024,6.548504938438647,8.009875188588676,0.5747126436781645
2024-11-22,PROD_021,Manduka PRO Yoga Mat,Wellness,Esterilla Yoga,130,True,7,127.65,893.55,140.67,120.54,133.97,2024-11,2024,-9.255704841117497,5.89845694375311,-4.717474061357016
2024-11-22,PROD_022,Gaiam Premium Yoga Block,Wellness,Bloque Yoga,20,False,2,20.27,40.54,19.06,18.09,19.42,2024-11,2024,6.348373557187832,12.050856826976228,4.376930998970122
2024-11-22,PROD_023,Liforme Yoga Pad,Wellness,Rodillera Yoga,35,False,1,35.92,35.92,35.73,32.47,34.06,2024-11,2024,0.5317660229499156,10.625192485371121,5.460951262477979
2024-11-22,PROD_024,Lotuscrafts Yoga Bolster,Wellness,Cojín Yoga,50,False,1,49.03,49.03,50.4,43.12,49.3,2024-11,2024,-2.718253968253963,13.705936920222644,-0.5476673427991806
2024-11-23,PROD_001,Nike Air Zoom Pegasus 40,Running,Zapatillas Running,115,True,16,114.24,1827.84,93.12,120.72,105.97,2024-11,2024,22.68041237113401,-5.367793240556663,7.804095498726051
2024-11-23,PROD_002,Adidas Ultraboost 23,Running,Zapatillas Running,135,True,21,136.0,2856.0,126.25,120.43,133.83,2024-11,2024,7.7227722772277225,12.928672257743083,1.6214600612717531
2024-11-23,PROD_003,Asics Gel Nimbus 25,Running,Zapatillas Running,85,False,4,85.83,343.32,85.71,73.9,89.41,2024-11,2024,0.1400070003500228,16.14343707713125,-4.0040263952577995
2024-11-23,PROD_004,New Balance Fresh Foam X 1080v12,Running,Zapatillas Running,75,False,3,76.8,230.4,75.57,65.53,77.37,2024-11,2024,1.6276300119094933,17.198229818403778,-0.7367196587824834
2024-11-23,PROD_005,Nike Dri-FIT Miler,Running,Ropa Running,35,False,5,34.01,170.05,37.22,32.11,34.18,2024-11,2024,-8.624395486297692,5.917159763313605,-0.497366881217091
2024-11-23,PROD_006,Adidas Own The Run Jacket,Running,Ropa Running,65,False,4,65.82,263.28,66.89,58.22,62.87,2024-11,2024,-1.5996412019734,13.053933356234962,4.692222045490689
2024-11-23,PROD_007,Puma Velocity Nitro 2,Running,Zapatillas Running,70,False,3,69.52,208.56,67.4,61.97,70.66,2024-11,2024,3.1454005934717957,12.18331450701952,-1.6133597509198991
2024-11-23,PROD_008,Reebok Floatride Energy 5,Running,Zapatillas Running,65,False,4,64.64,258.56,64.61,60.51,64.38,2024-11,2024,0.04643244079863974,6.825318129234842,0.40385212799006703
2024-11-23,PROD_009,Bowflex SelectTech 552,Fitness,Mancuernas Ajustables,400,True,3,405.26,1215.78,409.39,358.96,390.29,2024-11,2024,-1.0088179975084872,12.89837307778026,3.835609418637416
2024-11-23,PROD_010,Domyos BM900,Fitness,Banco Gimnasio,175,True,3,170.99,512.97,198.29,160.84,185.37,2024-11,2024,-13.767713954309338,6.310619248943053,-7.757458056859252
2024-11-23,PROD_011,Reebok Professional Deck,Fitness,Esterilla Fitness,45,False,5,45.09,225.45,45.13,42.01,47.6,2024-11,2024,-0.08863283846665,7.331587717210201,-5.2731092436974745
2024-11-23,PROD_012,Domyos Kit Mancuernas 20kg,Fitness,Pesas Casa,55,False,5,54.14,270.7,56.3,48.83,57.47,2024-11,2024,-3.836589698046175,10.874462420643052,-5.794327475204452
2024-11-23,PROD_013,Decathlon Bandas Elásticas Set,Fitness,Bandas Elásticas,25,False,4,24.93,99.72,23.76,22.78,25.14,2024-11,2024,4.924242424242417,9.438103599648807,-0.8353221957040605
2024-11-23,PROD_014,Sveltus Kettlebell 12kg,Fitness,Pesa Rusa,40,False,6,39.37,236.22,38.66,36.38,40.55,2024-11,2024,1.83652353854113,8.218801539307297,-2.9099876695437725
2024-11-23,PROD_015,Salomon Speedcross 5 GTX,Outdoor,Zapatillas Trail,150,True,5,153.42,767.1,148.62,161.89,147.35,2024-11,2024,3.2297133629390276,-5.231947618753474,4.1194435018663
2024-11-23,PROD_016,Trek Marlin 7,Outdoor,Bicicleta Montaña,830,True,6,839.89,5039.34,823.97,799.91,859.62,2024-11,2024,1.9321091787322304,4.998062282006728,-2.295200204741632
2024-11-23,PROD_017,The North Face Borealis,Outdoor,Mochila Trekking,95,False,3,94.52,283.56,104.06,85.46,94.96,2024-11,2024,-9.167787814722281,10.601450971214607,-0.46335299073293784
2024-11-23,PROD_018,Columbia Silver Ridge,Outdoor,Ropa Montaña,70,False,3,71.28,213.84,71.04,63.38,68.92,2024-11,2024,0.3378378378378306,12.46449984222152,3.4242600116076605
2024-11-23,PROD_019,Merrell Moab 2 GTX,Outdoor,Zapatillas Trail,110,False,3,109.21,327.63,111.35,101.48,113.28,2024-11,2024,-1.921867983834756,7.6172644856129175,-3.592867231638425
2024-11-23,PROD_020,Quechua MH500,Outdoor,Ropa Montaña,80,False,3,81.42,244.26,81.94,71.1,77.59,2024-11,2024,-0.634610690749324,14.514767932489464,4.936203118958627
2024-11-23,PROD_021,Manduka PRO Yoga Mat,Wellness,Esterilla Yoga,130,True,10,126.92,1269.2,142.85,120.82,135.42,2024-11,2024,-11.151557577878888,5.048832974673075,-6.276768571850528
2024-11-23,PROD_022,Gaiam Premium Yoga Block,Wellness,Bloque Yoga,20,False,2,20.19,40.38,20.75,18.88,19.99,2024-11,2024,-2.698795180722885,6.93855932203391,1.0005002501250768
2024-11-23,PROD_023,Liforme Yoga Pad,Wellness,Rodillera Yoga,35,False,3,35.41,106.23,38.36,31.51,34.31,2024-11,2024,-7.690302398331602,12.377023167248476,3.206062372486139
2024-11-23,PROD_024,Lotuscrafts Yoga Bolster,Wellness,Cojín Yoga,50,False,2,48.7,97.4,51.24,46.64,51.21,2024-11,2024,-4.957064793130365,4.416809605488855,-4.901386447959379
2024-11-24,PROD_001,Nike Air Zoom Pegasus 40,Running,Zapatillas Running,115,True,16,113.28,1812.48,92.7,121.29,107.92,2024-11,2024,22.200647249190936,-6.604006925550338,4.966641957005188
2024-11-24,PROD_002,Adidas Ultraboost 23,Running,Zapatillas Running,135,True,15,135.34,2030.1,124.48,121.5,130.47,2024-11,2024,8.724293059125964,11.390946502057615,3.7326588487775
2024-11-24,PROD_003,Asics Gel Nimbus 25,Running,Zapatillas Running,85,False,4,86.15,344.6,84.34,79.17,81.55,2024-11,2024,2.1460754090585747,8.816470885436408,5.640711220110372
2024-11-24,PROD_004,New Balance Fresh Foam X 1080v12,Running,Zapatillas Running,75,False,4,73.27,293.08,73.34,71.92,76.93,2024-11,2024,-0.09544586855741394,1.8770856507230178,-4.757571818536346
2024-11-24,PROD_005,Nike Dri-FIT Miler,Running,Ropa Running,35,False,3,34.71,104.13,35.83,30.95,34.71,2024-11,2024,-3.1258721741557283,12.148626817447502,0.0
2024-11-24,PROD_006,Adidas Own The Run Jacket,Running,Ropa Running,65,False,3,64.79,194.37,67.17,57.7,63.59,2024-11,2024,-3.5432484740211336,12.287694974003472,1.887089164963049
2024-11-24,PROD_007,Puma Velocity Nitro 2,Running,Zapatillas Running,70,False,2,70.15,140.3,63.83,64.79,72.67,2024-11,2024,9.901300328998914,8.272881617533569,-3.467730838034947
2024-11-24,PROD_008,Reebok Floatride Energy 5,Running,Zapatillas Running,65,False,3,63.14,189.42,65.9,61.52,64.87,2024-11,2024,-4.188163884673755,2.6332899869960946,-2.666872205950368
2024-11-24,PROD_009,Bowflex SelectTech 552,Fitness,Mancuernas Ajustables,400,True,3,391.01,1173.03,411.03,368.69,391.63,2024-11,2024,-4.870690703841564,6.0538663918196844,-0.1583126931031853
2024-11-24,PROD_010,Domyos BM900,Fitness,Banco Gimnasio,175,True,4,170.98,683.92,192.24,162.42,180.52,2024-11,2024,-11.059092800665844,5.270286910479007,-5.2847329935741305
2024-11-24,PROD_011,Reebok Professional Deck,Fitness,Esterilla Fitness,45,False,4,45.65,182.6,44.14,41.72,44.36,2024-11,2024,3.4209333937471635,9.419942473633748,2.908025247971143
2024-11-24,PROD_012,Domyos Kit Mancuernas 20kg,Fitness,Pesas Casa,55,False,4,55.8,223.2,57.94,48.87,57.93,2024-11,2024,-3.6934760096651718,14.180478821362799,-3.676851372345939
2024-11-24,PROD_013,Decathlon Bandas Elásticas Set,Fitness,Bandas Elásticas,25,False,4,25.16,100.64,24.47,22.63,24.68,2024-11,2024,2.819779321618314,11.179849756959793,1.94489465153971
2024-11-24,PROD_014,Sveltus Kettlebell 12kg,Fitness,Pesa Rusa,40,False,4,39.55,158.2,37.52,36.52,40.73,2024-11,2024,5.410447761194013,8.296823658269425,-2.897127424502823
2024-11-24,PROD_015,Salomon Speedcross 5 GTX,Outdoor,Zapatillas Trail,150,True,6,147.31,883.86,151.94,161.1,142.4,2024-11,2024,-3.0472554955903615,-8.559900682805706,3.448033707865166
2024-11-24,PROD_016,Trek Marlin 7,Outdoor,Bicicleta Montaña,830,True,4,852.26,3409.04,829.24,783.86,874.43,2024-11,2024,2.776035888283245,8.72604801877886,-2.535365895497634
2024-11-24,PROD_017,The North Face Borealis,Outdoor,Mochila Trekking,95,False,4,97.69,390.76,96.42,86.95,94.25,2024-11,2024,1.3171541174030243,12.35192639447958,3.6498673740053027
2024-11-24,PROD_018,Columbia Silver Ridge,Outdoor,Ropa Montaña,70,False,3,70.34,211.02,68.83,62.04,73.23,2024-11,2024,2.193810838297262,13.378465506125087,-3.946470025945651
2024-11-24,PROD_019,Merrell Moab 2 GTX,Outdoor,Zapatillas Trail,110,False,2,109.78,219.56,119.31,104.21,108.71,2024-11,2024,-7.987595339870926,5.344976489780259,0.9842700763499288
2024-11-24,PROD_020,Quechua MH500,Outdoor,Ropa Montaña,80,False,2,81.86,163.72,79.17,73.63,78.77,2024-11,2024,3.3977516736137394,11.177509167458922,3.922813253776823
2024-11-24,PROD_021,Manduka PRO Yoga Mat,Wellness,Esterilla Yoga,130,True,7,132.04,924.28,139.89,118.4,131.52,2024-11,2024,-5.6115519336621595,11.520270270270258,0.39537712895375743
2024-11-24,PROD_022,Gaiam Premium Yoga Block,Wellness,Bloque Yoga,20,False,2,20.15,40.3,19.75,19.22,19.61,2024-11,2024,2.025316455696195,4.838709677419353,2.7536970933197304
2024-11-24,PROD_023,Liforme Yoga Pad,Wellness,Rodillera Yoga,35,False,2,35.25,70.5,35.41,33.39,33.27,2024-11,2024,-0.4518497599548054,5.570530098831983,5.951307484220008
2024-11-24,PROD_024,Lotuscrafts Yoga Bolster,Wellness,Cojín Yoga,50,False,1,51.07,51.07,46.8,45.76,47.18,2024-11,2024,9.123931623931632,11.604020979020985,8.245019075879611
2024-11-25,PROD_001,Nike Air Zoom Pegasus 40,Running,Zapatillas Running,115,True,12,116.78,1401.36,92.03,119.47,107.95,2024-11,2024,26.893404324676734,-2.2516112831673203,8.179712830013894
2024-11-25,PROD_002,Adidas Ultraboost 23,Running,Zapatillas Running,135,True,15,134.82,2022.3,126.75,116.55,133.15,2024-11,2024,6.366863905325439,15.675675675675674,1.254224558768297
2024-11-25,PROD_003,Asics Gel Nimbus 25,Running,Zapatillas Running,85,False,3,87.27,261.81,79.97,80.77,86.45,2024-11,2024,9.128423158684503,8.047542404358055,0.9485251590514668
2024-11-25,PROD_004,New Balance Fresh Foam X 1080v12,Running,Zapatillas Running,75,False,3,75.32,225.96,81.61,71.54,75.8,2024-11,2024,-7.707388800392116,5.28375733855184,-0.6332453825857572
2024-11-25,PROD_005,Nike Dri-FIT Miler,Running,Ropa Running,35,False,2,35.64,71.28,32.92,32.75,35.77,2024-11,2024,8.262454434993922,8.824427480916032,-0.3634330444506641
2024-11-25,PROD_006,Adidas Own The Run Jacket,Running,Ropa Running,65,False,3,64.3,192.9,62.43,58.58,62.89,2024-11,2024,2.9953547973730537,9.7644247183339,2.2420098584830606
2024-11-25,PROD_007,Puma Velocity Nitro 2,Running,Zapatillas Running,70,False,3,69.18,207.54,72.13,62.49,68.97,2024-11,2024,-4.089837792873962,10.705712914066257,0.30448020878644044
2024-11-25,PROD_008,Reebok Floatride Energy 5,Running,Zapatillas Running,65,False,2,66.26,132.52,61.52,58.59,67.21,2024-11,2024,7.704811443433032,13.090971155487285,-1.4134801368843755
2024-11-25,PROD_009,Bowflex SelectTech 552,Fitness,Mancuernas Ajustables,400,True,3,394.79,1184.37,414.97,364.72,385.01,2024-11,2024,-4.863002144733356,8.244680851063828,2.5401937612010155
2024-11-25,PROD_010,Domyos BM900,Fitness,Banco Gimnasio,175,True,2,174.02,348.04,194.44,166.38,175.97,2024-11,2024,-10.501954330384688,4.591898064671244,-1.1081434335398015
2024-11-25,PROD_011,Reebok Professional Deck,Fitness,Esterilla Fitness,45,False,4,43.95,175.8,45.6,41.82,45.17,2024-11,2024,-3.6184210526315757,5.093256814921097,-2.70090768208988
2024-11-25,PROD_012,Domyos Kit Mancuernas 20kg,Fitness,Pesas Casa,55,False,4,54.38,217.52,56.47,47.83,51.69,2024-11,2024,-3.701080219585614,13.694334099937286,5.204101373573235
2024-11-25,PROD_013,Decathlon Bandas Elásticas Set,Fitness,Bandas Elásticas,25,False,3,24.27,72.81,26.34,22.47,25.37,2024-11,2024,-7.858769931662871,8.010680907877173,-4.335829720141906
2024-11-25,PROD_014,Sveltus Kettlebell 12kg,Fitness,Pesa Rusa,40,False,3,40.18,120.54,41.2,36.41,40.75,2024-11,2024,-2.475728155339813,10.354298269706135,-1.39877300613497
2024-11-25,PROD_015,Salomon Speedcross 5 GTX,Outdoor,Zapatillas Trail,150,True,5,153.87,769.35,146.8,163.91,147.12,2024-11,2024,4.816076294277924,-6.125312671588062,4.588091353996737
2024-11-25,PROD_016,Trek Marlin 7,Outdoor,Bicicleta Montaña,830,True,4,826.16,3304.64,819.97,790.55,848.9,2024-11,2024,0.754905667280503,4.504458921004366,-2.6787607492048546
2024-11-25,PROD_017,The North Face Borealis,Outdoor,Mochila Trekking,95,False,3,93.78,281.34,96.12,86.33,91.44,2024-11,2024,-2.434456928838955,8.629676821498904,2.55905511811024
2024-11-25,PROD_018,Columbia Silver Ridge,Outdoor,Ropa Montaña,70,False,2,71.26,142.52,75.34,64.8,67.07,2024-11,2024,-5.415449960180513,9.969135802469149,6.247204413299556
2024-11-25,PROD_019,Merrell Moab 2 GTX,Outdoor,Zapatillas Trail,110,False,2,113.26,226.52,119.96,101.27,105.88,2024-11,2024,-5.585195065021665,11.839636614989642,6.97015489233095
2024-11-25,PROD_020,Quechua MH500,Outdoor,Ropa Montaña,80,False,2,79.41,158.82,78.14,72.94,77.05,2024-11,2024,1.6252879447146096,8.870304359747736,3.0629461388708625
2024-11-25,PROD_021,Manduka PRO Yoga Mat,Wellness,Esterilla Yoga,130,True,6,130.76,784.56,142.42,123.79,130.95,2024-11,2024,-8.187052380283665,5.630503271669751,-0.1450935471554011
2024-11-25,PROD_022,Gaiam Premium Yoga Block,Wellness,Bloque Yoga,20,False,2,19.44,38.88,21.89,19.06,19.6,2024-11,2024,-11.192325262677018,1.9937040923399925,-0.8163265306122455
2024-11-25,PROD_023,Liforme Yoga Pad,Wellness,Rodillera Yoga,35,False,2,34.64,69.28,35.13,30.44,35.32,2024-11,2024,-1.3948192428124166,13.797634691195793,-1.925254813137032
2024-11-25,PROD_024,Lotuscrafts Yoga Bolster,Wellness,Cojín Yoga,50,False,2,48.75,97.5,49.26,44.24,48.24,2024-11,2024,-1.0353227771010922,10.19439421338155,1.0572139303482546
2024-11-26,PROD_001,Nike Air Zoom Pegasus 40,Running,Zapatillas Running,115,True,18,118.22,2127.96,84.51,110.61,101.73,2024-11,2024,39.888770559697065,6.880028930476448,16.20957436351125
2024-11-26,PROD_002,Adidas Ultraboost 23,Running,Zapatillas Running,135,True,19,137.86,2619.34,116.67,114.63,123.92,2024-11,2024,18.16233821890804,20.26520108174127,11.249193027759855
2024-11-26,PROD_003,Asics Gel Nimbus 25,Running,Zapatillas Running,85,False,5,84.17,420.85,77.49,78.71,80.61,2024-11,2024,8.620467157052532,6.9368568161606,4.416325517925818
2024-11-26,PROD_004,New Balance Fresh Foam X 1080v12,Running,Zapatillas Running,75,False,4,77.1,308.4,73.88,67.81,74.51,2024-11,2024,4.35841905793178,13.700044241262338,3.47604348409608
2024-11-26,PROD_005,Nike Dri-FIT Miler,Running,Ropa Running,35,False,4,34.23,136.92,37.85,31.0,35.09,2024-11,2024,-9.564068692206089,10.419354838709667,-2.4508406953548203
2024-11-26,PROD_006,Adidas Own The Run Jacket,Running,Ropa Running,65,False,4,66.35,265.4,71.28,57.72,67.29,2024-11,2024,-6.9163860830527595,14.951489951489943,-1.3969386238668626
2024-11-26,PROD_007,Puma Velocity Nitro 2,Running,Zapatillas Running,70,False,3,71.39,214.17,67.33,64.16,71.41,2024-11,2024,6.030001485222044,11.268703241895269,-0.028007281893286686
2024-11-26,PROD_008,Reebok Floatride Energy 5,Running,Zapatillas Running,65,False,3,66.58,199.74,64.68,58.63,66.34,2024-11,2024,2.9375386518243527,13.559611120586723,0.361772686162187
2024-11-26,PROD_009,Bowflex SelectTech 552,Fitness,Mancuernas Ajustables,400,True,3,388.12,1164.36,379.78,339.98,367.72,2024-11,2024,2.19600821528254,14.15965645037943,5.547699336451641
2024-11-26,PROD_010,Domyos BM900,Fitness,Banco Gimnasio,175,True,3,179.48,538.44,175.39,150.65,160.54,2024-11,2024,2.3319459490278827,19.13707268503152,11.797682820480876
2024-11-26,PROD_011,Reebok Professional Deck,Fitness,Esterilla Fitness,45,False,5,45.42,227.1,44.83,41.51,46.64,2024-11,2024,1.3160829801472307,9.419417007949901,-2.6157804459691225
2024-11-26,PROD_012,Domyos Kit Mancuernas 20kg,Fitness,Pesas Casa,55,False,6,54.29,325.74,56.16,51.2,53.33,2024-11,2024,-3.3297720797720753,6.035156249999993,1.8001125070316912
2024-11-26,PROD_013,Decathlon Bandas Elásticas Set,Fitness,Bandas Elásticas,25,False,3,24.32,72.96,26.26,23.34,24.43,2024-11,2024,-7.3876618431073915,4.198800342759214,-0.4502660663119093
2024-11-26,PROD_014,Sveltus Kettlebell 12kg,Fitness,Pesa Rusa,40,False,4,39.69,158.76,38.72,36.23,39.83,2024-11,2024,2.5051652892561957,9.550096605023464,-0.35149384885764645
2024-11-26,PROD_015,Salomon Speedcross 5 GTX,Outdoor,Zapatillas Trail,150,True,5,146.52,732.6,140.25,147.98,137.99,2024-11,2024,4.470588235294125,-0.9866198134882955,6.181607362852381
2024-11-26,PROD_016,Trek Marlin 7,Outdoor,Bicicleta Montaña,830,True,4,852.11,3408.44,784.54,728.69,801.53,2024-11,2024,8.612690238866094,16.93724354663848,6.31043130013849
2024-11-26,PROD_017,The North Face Borealis,Outdoor,Mochila Trekking,95,False,3,97.66,292.98,94.69,84.8,94.81,2024-11,2024,3.1365508501425694,15.165094339622643,3.0060120240480903
2024-11-26,PROD_018,Columbia Silver Ridge,Outdoor,Ropa Montaña,70,False,3,70.16,210.48,70.82,62.53,70.84,2024-11,2024,-0.9319401299068013,12.202142971373734,-0.9599096555618392
2024-11-26,PROD_019,Merrell Moab 2 GTX,Outdoor,Zapatillas Trail,110,False,3,111.74,335.22,105.65,105.13,103.37,2024-11,2024,5.764316138192133,6.287453628840482,8.09712682596497
2024-11-26,PROD_020,Quechua MH500,Outdoor,Ropa Montaña,80,False,3,81.49,244.47,73.96,76.09,79.25,2024-11,2024,10.181179015684156,7.096858982783534,2.8264984227129273
2024-11-26,PROD_021,Manduka PRO Yoga Mat,Wellness,Esterilla Yoga,130,True,7,133.78,936.46,132.23,113.85,124.65,2024-11,2024,1.1721999546245265,17.50548967940273,7.324508624147609
2024-11-26,PROD_022,Gaiam Premium Yoga Block,Wellness,Bloque Yoga,20,False,2,20.53,41.06,19.66,17.54,19.64,2024-11,2024,4.425228891149547,17.046750285062725,4.531568228105909
2024-11-26,PROD_023,Liforme Yoga Pad,Wellness,Rodillera Yoga,35,False,2,34.43,68.86,37.83,31.94,33.55,2024-11,2024,-8.987575997885273,7.795867251095799,2.622950819672139
2024-11-26,PROD_024,Lotuscrafts Yoga Bolster,Wellness,Cojín Yoga,50,False,2,48.69,97.38,48.29,46.85,48.99,2024-11,2024,0.8283288465520783,3.9274279615795007,-0.6123698714023357
2024-11-27,PROD_001,Nike Air Zoom Pegasus 40,Running,Zapatillas Running,115,True,13,116.6,1515.8,83.53,113.21,97.57,2024-11,2024,39.59056626361785,2.9944351205723883,19.50394588500564
2024-11-27,PROD_002,Adidas Ultraboost 23,Running,Zapatillas Running,135,True,16,132.4,2118.4,118.64,111.53,121.37,2024-11,2024,11.598111935266356,18.712454048238147,9.087912993326192
2024-11-27,PROD_003,Asics Gel Nimbus 25,Running,Zapatillas Running,85,False,4,82.81,331.24,88.06,77.75,81.19,2024-11,2024,-5.961844197138315,6.508038585209006,1.9953196206429418
2024-11-27,PROD_004,New Balance Fresh Foam X 1080v12,Running,Zapatillas Running,75,False,4,76.62,306.48,71.72,67.87,74.33,2024-11,2024,6.832124930284447,12.892294091645793,3.080855643750849
2024-11-27,PROD_005,Nike Dri-FIT Miler,Running,Ropa Running,35,False,4,35.77,143.08,33.59,31.84,33.87,2024-11,2024,6.490026793688597,12.342964824120612,5.609684086212004
2024-11-27,PROD_006,Adidas Own The Run Jacket,Running,Ropa Running,65,False,4,63.7,254.8,67.54,57.88,66.39,2024-11,2024,-5.6855196920343545,10.055286800276434,-4.051815032384392
2024-11-27,PROD_007,Puma Velocity Nitro 2,Running,Zapatillas Running,70,False,3,70.65,211.95,73.99,62.26,70.18,2024-11,2024,-4.514123530206771,13.47574686797303,0.6697064690795081
2024-11-27,PROD_008,Reebok Floatride Energy 5,Running,Zapatillas Running,65,False,3,63.36,190.08,63.82,57.95,68.81,2024-11,2024,-0.7207771858351628,9.335634167385672,-7.920360412730712
2024-11-27,PROD_009,Bowflex SelectTech 552,Fitness,Mancuernas Ajustables,400,True,3,398.17,1194.51,382.87,336.77,353.57,2024-11,2024,3.9961344581711833,18.232027793449546,12.61419238057528
2024-11-27,PROD_010,Domyos BM900,Fitness,Banco Gimnasio,175,True,3,177.79,533.37,177.72,149.5,170.36,2024-11,2024,0.03938780103533265,18.923076923076916,4.361352430147909
2024-11-27,PROD_011,Reebok Professional Deck,Fitness,Esterilla Fitness,45,False,4,43.8,175.2,43.31,42.03,44.82,2024-11,2024,1.1313784345416644,4.211277658815122,-2.2757697456492707
2024-11-27,PROD_012,Domyos Kit Mancuernas 20kg,Fitness,Pesas Casa,55,False,5,56.2,281.0,57.72,50.39,54.37,2024-11,2024,-2.6334026334026266,11.530065489184366,3.365826742688993
2024-11-27,PROD_013,Decathlon Bandas Elásticas Set,Fitness,Bandas Elásticas,25,False,5,25.7,128.5,27.02,22.91,25.48,2024-11,2024,-4.885270170244264,12.178088171104317,0.8634222919937161
2024-11-27,PROD_014,Sveltus Kettlebell 12kg,Fitness,Pesa Rusa,40,False,4,40.08,160.32,41.33,36.85,41.37,2024-11,2024,-3.0244374546334383,8.7652645861601,-3.1182015953589537
2024-11-27,PROD_015,Salomon Speedcross 5 GTX,Outdoor,Zapatillas Trail,150,True,4,150.45,601.8,140.68,142.51,132.0,2024-11,2024,6.944839351720203,5.571538839379691,13.97727272727272
2024-11-27,PROD_016,Trek Marlin 7,Outdoor,Bicicleta Montaña,830,True,4,806.46,3225.84,751.4,738.71,771.9,2024-11,2024,7.3276550439180275,9.171393374937391,4.477263894286832
2024-11-27,PROD_017,The North Face Borealis,Outdoor,Mochila Trekking,95,False,3,95.69,287.07,93.42,82.85,88.43,2024-11,2024,2.4298865339327724,15.497887748943882,8.209883523691044
2024-11-27,PROD_018,Columbia Silver Ridge,Outdoor,Ropa Montaña,70,False,3,70.52,211.56,69.76,66.51,68.66,2024-11,2024,1.0894495412843905,6.029168546083281,2.7090008738712488
2024-11-27,PROD_019,Merrell Moab 2 GTX,Outdoor,Zapatillas Trail,110,False,4,108.95,435.8,114.56,97.08,104.65,2024-11,2024,-4.89699720670391,12.227029254223327,4.108934543717149
2024-11-27,PROD_020,Quechua MH500,Outdoor,Ropa Montaña,80,False,2,78.53,157.06,78.44,74.48,77.23,2024-11,2024,0.11473737888832664,5.437701396348009,1.6832836980447974
2024-11-27,PROD_021,Manduka PRO Yoga Mat,Wellness,Esterilla Yoga,130,True,9,127.21,1144.89,127.74,109.57,122.31,2024-11,2024,-0.4149052763425718,16.099297252897692,4.006213719237995
2024-11-27,PROD_022,Gaiam Premium Yoga Block,Wellness,Bloque Yoga,20,False,3,20.5,61.5,20.34,17.76,21.41,2024-11,2024,0.7866273352999024,15.427927927927918,-4.25035030359645
2024-11-27,PROD_023,Liforme Yoga Pad,Wellness,Rodillera Yoga,35,False,2,34.28,68.56,35.39,31.81,36.66,2024-11,2024,-3.136479231421304,7.764853819553608,-6.492089470812863
2024-11-27,PROD_024,Lotuscrafts Yoga Bolster,Wellness,Cojín Yoga,50,False,2,49.77,99.54,52.96,45.94,48.19,2024-11,2024,-6.023413897280962,8.33696125380933,3.278688524590175
2024-11-28,PROD_001,Nike Air Zoom Pegasus 40,Running,Zapatillas Running,115,True,15,117.58,1763.7,87.31,112.94,97.64,2024-11,2024,34.66956820524567,4.10837612891801,20.42195821384678
2024-11-28,PROD_002,Adidas Ultraboost 23,Running,Zapatillas Running,135,True,18,136.28,2453.04,117.45,114.61,117.86,2024-11,2024,16.032354193273733,18.907599685891284,15.628712031223488
2024-11-28,PROD_003,Asics Gel Nimbus 25,Running,Zapatillas Running,85,False,3,87.03,261.09,82.1,76.78,87.25,2024-11,2024,6.004872107186367,13.349830685074238,-0.2521489971346692
2024-11-28,PROD_004,New Balance Fresh Foam X 1080v12,Running,Zapatillas Running,75,False,4,75.92,303.68,72.23,68.27,72.18,2024-11,2024,5.108680603627298,11.205507543576983,5.181490717650311
2024-11-28,PROD_005,Nike Dri-FIT Miler,Running,Ropa Running,35,False,3,35.57,106.71,34.38,31.81,36.79,2024-11,2024,3.4613147178592136,11.820182332599817,-3.3161185104647974
2024-11-28,PROD_006,Adidas Own The Run Jacket,Running,Ropa Running,65,False,4,64.61,258.44,58.95,60.31,64.69,2024-11,2024,9.601357082273108,7.1298292157187815,-0.12366671819446329
2024-11-28,PROD_007,Puma Velocity Nitro 2,Running,Zapatillas Running,70,False,3,69.88,209.64,67.13,62.64,69.39,2024-11,2024,4.0965291225979445,11.558109833971894,0.7061536244415548
2024-11-28,PROD_008,Reebok Floatride Energy 5,Running,Zapatillas Running,65,False,3,63.68,191.04,65.63,62.58,65.83,2024-11,2024,-2.971202194118537,1.7577500798977332,-3.265988151298798
2024-11-28,PROD_009,Bowflex SelectTech 552,Fitness,Mancuernas Ajustables,400,True,3,399.99,1199.97,375.12,336.35,360.15,2024-11,2024,6.629878438899553,18.92076705812397,11.062057476051654
2024-11-28,PROD_010,Domyos BM900,Fitness,Banco Gimnasio,175,True,3,170.09,510.27,181.55,156.16,166.45,2024-11,2024,-6.31231065822088,8.920338114754104,2.186842895764503
2024-11-28,PROD_011,Reebok Professional Deck,Fitness,Esterilla Fitness,45,False,5,44.17,220.85,46.56,40.59,44.59,2024-11,2024,-5.133161512027493,8.819906380881985,-0.9419152276295171
2024-11-28,PROD_012,Domyos Kit Mancuernas 20kg,Fitness,Pesas Casa,55,False,5,55.42,277.1,51.47,51.09,57.01,2024-11,2024,7.674373421410537,8.475239772949692,-2.7889843887037298
2024-11-28,PROD_013,Decathlon Bandas Elásticas Set,Fitness,Bandas Elásticas,25,False,6,24.25,145.5,23.56,22.24,24.85,2024-11,2024,2.9286926994906675,9.037769784172669,-2.4144869215291807
2024-11-28,PROD_014,Sveltus Kettlebell 12kg,Fitness,Pesa Rusa,40,False,4,41.02,164.08,41.35,34.3,39.79,2024-11,2024,-0.7980652962515075,19.591836734693896,3.0912289519979996
2024-11-28,PROD_015,Salomon Speedcross 5 GTX,Outdoor,Zapatillas Trail,150,True,6,149.94,899.64,137.55,149.83,135.89,2024-11,2024,9.007633587786248,0.07341653874389989,10.339244977555385
2024-11-28,PROD_016,Trek Marlin 7,Outdoor,Bicicleta Montaña,830,True,5,819.83,4099.15,751.78,750.87,770.33,2024-11,2024,9.05185027534652,9.184013211341515,6.425817506782808
2024-11-28,PROD_017,The North Face Borealis,Outdoor,Mochila Trekking,95,False,3,97.14,291.42,96.33,82.49,88.53,2024-11,2024,0.8408595453129889,17.759728451933576,9.725516773974922
2024-11-28,PROD_018,Columbia Silver Ridge,Outdoor,Ropa Montaña,70,False,3,71.84,215.52,70.99,64.36,69.19,2024-11,2024,1.1973517396816573,11.62212554381604,3.830033241797956
2024-11-28,PROD_019,Merrell Moab 2 GTX,Outdoor,Zapatillas Trail,110,False,2,107.87,215.74,116.28,105.04,104.32,2024-11,2024,-7.23254213966288,2.6942117288651923,3.402990797546023
2024-11-28,PROD_020,Quechua MH500,Outdoor,Ropa Montaña,80,False,2,80.6,161.2,80.63,75.25,80.38,2024-11,2024,-0.03720699491504544,7.109634551495009,0.2736999253545644
2024-11-28,PROD_021,Manduka PRO Yoga Mat,Wellness,Esterilla Yoga,130,True,7,131.29,919.03,131.36,112.48,122.51,2024-11,2024,-0.053288672350808156,16.722972972972965,7.16676189698799
2024-11-28,PROD_022,Gaiam Premium Yoga Block,Wellness,Bloque Yoga,20,False,2,19.57,39.14,19.65,18.67,20.43,2024-11,2024,-0.40712468193383355,4.820567755757892,-4.209495839451784
2024-11-28,PROD_023,Liforme Yoga Pad,Wellness,Rodillera Yoga,35,False,2,34.21,68.42,36.25,32.54,34.48,2024-11,2024,-5.62758620689655,5.1321450522433985,-0.7830626450115894
2024-11-28,PROD_024,Lotuscrafts Yoga Bolster,Wellness,Cojín Yoga,50,False,2,49.83,99.66,51.44,45.81,50.9,2024-11,2024,-3.129860031104198,8.775376555337253,-2.102161100196464
2024-11-29,PROD_001,Nike Air Zoom Pegasus 40,Running,Zapatillas Running,115,True,66,97.75,6451.5,88.2625,114.9125,106.2125,2024-11,2024,10.749185667752439,-14.935276841074726,-7.967517947510891
2024-11-29,PROD_002,Adidas Ultraboost 23,Running,Zapatillas Running,135,True,68,114.75,7803.0,122.5125,116.4625,130.625,2024-11,2024,-6.336088154269974,-1.4704303960502354,-12.15311004784689
2024-11-29,PROD_003,Asics Gel Nimbus 25,Running,Zapatillas Running,85,False,18,72.25,1300.5,74.11,68.13,76.41,2024-11,2024,-2.509782755363648,6.04726258623221,-5.444313571522048
2024-11-29,PROD_004,New Balance Fresh Foam X 1080v12,Running,Zapatillas Running,75,False,14,63.75,892.5,66.16,62.47,65.1,2024-11,2024,-3.6426844014510227,2.048983512085803,-2.0737327188940005
2024-11-29,PROD_005,Nike Dri-FIT Miler,Running,Ropa Running,35,False,14,29.75,416.5,31.64,26.78,31.97,2024-11,2024,-5.97345132743363,11.090365944734872,-6.944010009383794
2024-11-29,PROD_006,Adidas Own The Run Jacket,Running,Ropa Running,65,False,12,55.25,663.0,55.97,52.56,57.65,2024-11,2024,-1.2864034304091456,5.1179604261796,-4.163052905464005
2024-11-29,PROD_007,Puma Velocity Nitro 2,Running,Zapatillas Running,70,False,13,59.5,773.5,61.98,56.69,62.91,2024-11,2024,-4.001290738948042,4.956782501322989,-5.420441901128592
2024-11-29,PROD_008,Reebok Floatride Energy 5,Running,Zapatillas Running,65,False,12,55.25,663.0,55.08,53.27,59.69,2024-11,2024,0.30864197530864507,3.7169138351792688,-7.438431898140388
2024-11-29,PROD_009,Bowflex SelectTech 552,Fitness,Mancuernas Ajustables,400,True,10,360.0,3600.0,384.625,353.225,370.85,2024-11,2024,-6.402339941501463,1.9180409087691914,-2.9257112039908377
2024-11-29,PROD_010,Domyos BM900,Fitness,Banco Gimnasio,175,True,12,157.5,1890.0,183.0875,161.8,177.4375,2024-11,2024,-13.97555813477163,-2.657601977750316,-11.236350827756251
2024-11-29,PROD_011,Reebok Professional Deck,Fitness,Esterilla Fitness,45,False,21,40.5,850.5,39.34,37.84,40.01,2024-11,2024,2.948652770716819,7.029598308668067,1.2246938265433691
2024-11-29,PROD_012,Domyos Kit Mancuernas 20kg,Fitness,Pesas Casa,55,False,22,49.5,1089.0,47.32,45.26,48.03,2024-11,2024,4.606931530008453,9.368095448519668,3.0605871330418464
2024-11-29,PROD_013,Decathlon Bandas Elásticas Set,Fitness,Bandas Elásticas,25,False,16,22.5,360.0,20.68,20.05,22.15,2024-11,2024,8.800773694390717,12.219451371571068,1.5801354401805936
2024-11-29,PROD_014,Sveltus Kettlebell 12kg,Fitness,Pesa Rusa,40,False,16,36.0,576.0,34.18,32.96,35.29,2024-11,2024,5.324751316559392,9.223300970873783,2.011901388495327
2024-11-29,PROD_015,Salomon Speedcross 5 GTX,Outdoor,Zapatillas Trail,150,True,24,135.0,3240.0,146.925,150.975,141.125,2024-11,2024,-8.11638591117918,-10.581222056631889,-4.340124003542958
2024-11-29,PROD_016,Trek Marlin 7,Outdoor,Bicicleta Montaña,830,True,16,747.0,11952.0,821.2375,761.9875000000001,817.1125000000001,2024-11,2024,-9.039711411132584,-1.9668957824111377,-8.580519818262488
2024-11-29,PROD_017,The North Face Borealis,Outdoor,Mochila Trekking,95,False,13,85.5,1111.5,77.89,79.96,81.93,2024-11,2024,9.770188727692899,6.928464232116066,4.357378249725366
2024-11-29,PROD_018,Columbia Silver Ridge,Outdoor,Ropa Montaña,70,False,12,63.0,756.0,67.36,55.9,66.65,2024-11,2024,-6.472684085510688,12.701252236135959,-5.476369092273076
2024-11-29,PROD_019,Merrell Moab 2 GTX,Outdoor,Zapatillas Trail,110,False,10,99.0,990.0,95.59,90.57,95.29,2024-11,2024,3.5673187571921714,9.307717787346812,3.8933781089306256
2024-11-29,PROD_020,Quechua MH500,Outdoor,Ropa Montaña,80,False,10,72.0,720.0,75.41,66.59,75.26,2024-11,2024,-4.521946691420232,8.124342994443605,-4.331650279032693
2024-11-29,PROD_021,Manduka PRO Yoga Mat,Wellness,Esterilla Yoga,130,True,27,123.5,3334.5,136.05,115.9875,129.45,2024-11,2024,-9.224549797868438,6.4769910550705925,-4.596369254538423
2024-11-29,PROD_022,Gaiam Premium Yoga Block,Wellness,Bloque Yoga,20,False,8,19.0,152.0,18.61,16.1,17.82,2024-11,2024,2.095647501343367,18.012422360248436,6.621773288439953
2024-11-29,PROD_023,Liforme Yoga Pad,Wellness,Rodillera Yoga,35,False,8,33.25,266.0,33.38,28.8,31.33,2024-11,2024,-0.38945476333134377,15.451388888888888,6.1283115225024
2024-11-29,PROD_024,Lotuscrafts Yoga Bolster,Wellness,Cojín Yoga,50,False,8,47.5,380.0,42.17,39.18,43.15,2024-11,2024,12.639317050035565,21.235324144971926,10.081112398609505
2024-11-30,PROD_001,Nike Air Zoom Pegasus 40,Running,Zapatillas Running,115,True,80,101.2,8096.0,97.025,121.8625,108.5125,2024-11,2024,4.303014686936353,-16.95558518822443,-6.738854970625503
2024-11-30,PROD_002,Adidas Ultraboost 23,Running,Zapatillas Running,135,True,65,118.8,7722.0,128.2625,123.6,130.22500000000002,2024-11,2024,-7.377448591755184,-3.8834951456310653,-8.773277020541387
2024-11-30,PROD_003,Asics Gel Nimbus 25,Running,Zapatillas Running,85,False,20,74.8,1496.0,87.6,79.15,82.05,2024-11,2024,-14.611872146118717,-5.495893872394199,-8.836075563680684
2024-11-30,PROD_004,New Balance Fresh Foam X 1080v12,Running,Zapatillas Running,75,False,12,66.0,792.0,68.99,68.14,75.66,2024-11,2024,-4.333961443687484,-3.1405928969768135,-12.767644726407609
2024-11-30,PROD_005,Nike Dri-FIT Miler,Running,Ropa Running,35,False,12,30.8,369.6,37.99,32.79,33.38,2024-11,2024,-18.926033166622798,-6.0689234522720295,-7.729179149191137
2024-11-30,PROD_006,Adidas Own The Run Jacket,Running,Ropa Running,65,False,13,57.2,743.6,64.8,58.54,61.25,2024-11,2024,-11.728395061728387,-2.289033139733509,-6.6122448979591795
2024-11-30,PROD_007,Puma Velocity Nitro 2,Running,Zapatillas Running,70,False,12,61.6,739.2,67.02,60.45,72.36,2024-11,2024,-8.087138167711123,1.9023986765922225,-14.870093974571583
2024-11-30,PROD_008,Reebok Floatride Energy 5,Running,Zapatillas Running,65,False,12,57.2,686.4,62.97,58.4,67.06,2024-11,2024,-9.163093536604725,-2.054794520547938,-14.703250820161049
2024-11-30,PROD_009,Bowflex SelectTech 552,Fitness,Mancuernas Ajustables,400,True,11,368.0,4048.0,420.5875,379.4375,392.7875,2024-11,2024,-12.50334353731387,-3.014330423323999,-6.3106641631925715
2024-11-30,PROD_010,Domyos BM900,Fitness,Banco Gimnasio,175,True,11,161.0,1771.0,195.9375,167.425,186.375,2024-11,2024,-17.830940988835724,-3.837539196655225,-13.615023474178404
2024-11-30,PROD_011,Reebok Professional Deck,Fitness,Esterilla Fitness,45,False,19,41.4,786.6,46.86,40.33,45.12,2024-11,2024,-11.651728553137005,2.653111827423755,-8.244680851063828
2024-11-30,PROD_012,Domyos Kit Mancuernas 20kg,Fitness,Pesas Casa,55,False,19,50.6,961.4,54.1,48.34,53.12,2024-11,2024,-6.469500924214418,4.675217211419111,-4.743975903614451
2024-11-30,PROD_013,Decathlon Bandas Elásticas Set,Fitness,Bandas Elásticas,25,False,20,23.0,460.0,24.27,22.33,24.04,2024-11,2024,-5.232797692624637,3.000447828034043,-4.326123128119797
2024-11-30,PROD_014,Sveltus Kettlebell 12kg,Fitness,Pesa Rusa,40,False,17,36.8,625.6,42.03,38.1,39.32,2024-11,2024,-12.44349274327862,-3.4120734908136594,-6.408952187182103
2024-11-30,PROD_015,Salomon Speedcross 5 GTX,Outdoor,Zapatillas Trail,150,True,19,138.0,2622.0,157.3125,160.95,146.0125,2024-11,2024,-12.276519666269369,-14.25908667287977,-5.487543874668257
2024-11-30,PROD_016,Trek Marlin 7,Outdoor,Bicicleta Montaña,830,True,18,763.6,13744.8,855.175,805.75,861.1,2024-11,2024,-10.7083345514076,-5.231151101458266,-11.322726744861225
2024-11-30,PROD_017,The North Face Borealis,Outdoor,Mochila Trekking,95,False,15,87.4,1311.0,90.14,92.18,94.7,2024-11,2024,-3.0397159973374692,-5.185506617487525,-7.708553326293556
2024-11-30,PROD_018,Columbia Silver Ridge,Outdoor,Ropa Montaña,70,False,11,64.4,708.4,77.11,63.24,69.92,2024-11,2024,-16.482946440150425,1.8342820999367546,-7.8947368421052575
2024-11-30,PROD_019,Merrell Moab 2 GTX,Outdoor,Zapatillas Trail,110,False,10,101.2,1012.0,110.09,101.2,113.42,2024-11,2024,-8.075211190843854,0.0,-10.774113912890142
2024-11-30,PROD_020,Quechua MH500,Outdoor,Ropa Montaña,80,False,9,73.6,662.4,86.2,72.75,82.68,2024-11,2024,-14.617169373549894,1.1683848797250782,-10.982099661344959
2024-11-30,PROD_021,Manduka PRO Yoga Mat,Wellness,Esterilla Yoga,130,True,25,124.8,3120.0,141.7125,120.6,132.1875,2024-11,2024,-11.934374173061663,3.4825870646766193,-5.588652482269506
2024-11-30,PROD_022,Gaiam Premium Yoga Block,Wellness,Bloque Yoga,20,False,9,19.2,172.8,20.37,17.62,20.29,2024-11,2024,-5.743740795287195,8.967082860385915,-5.372104484967964
2024-11-30,PROD_023,Liforme Yoga Pad,Wellness,Rodillera Yoga,35,False,9,33.6,302.4,32.64,34.06,33.23,2024-11,2024,2.9411764705882377,-1.35055783910746,1.1134517002708533
2024-11-30,PROD_024,Lotuscrafts Yoga Bolster,Wellness,Cojín Yoga,50,False,9,48.0,432.0,46.58,45.58,50.08,2024-11,2024,3.048518677544014,5.309346204475651,-4.153354632587856
