fecha,producto_id,nombre,categoria,subcategoria,precio_base,es_estrella,precio_venta,Amazon,Decathlon,Deporvillage,Año,dif_amazon_pct,dif_decathlon_pct,dif_deporvillage_pct,es_black_friday,es_cyber_monday,es_festivo
2025-11-01,PROD_001,Nike Air Zoom Pegasus 40,Running,Zapatillas Running,115,True,115.0,81.78,117.08,102.97,2025,40.62117877231597,-1.7765630338230258,11.68301447023405,False,False,True
2025-11-02,PROD_001,Nike Air Zoom Pegasus 40,Running,Zapatillas Running,115,True,115.0,86.36,110.03,96.83,2025,33.163501621120886,4.51694992274834,18.764845605700714,False,False,False
2025-11-03,PROD_001,Nike Air Zoom Pegasus 40,Running,Zapatillas Running,115,True,115.0,80.95,111.73,105.86,2025,42.063001852995676,2.92669829052179,8.634044965048178,False,False,False
2025-11-04,PROD_001,Nike Air Zoom Pegasus 40,Running,Zapatillas Running,115,True,115.0,89.83,120.46,106.37,2025,28.019592563731493,-4.532624937738664,8.113189809156712,False,False,False
2025-11-05,PROD_001,Nike Air Zoom Pegasus 40,Running,Zapatillas Running,115,True,115.0,88.32,114.45,98.06,2025,30.208333333333343,0.48055919615552395,17.275137670813784,False,False,False
2025-11-06,PROD_001,Nike Air Zoom Pegasus 40,Running,Zapatillas Running,115,True,115.0,95.91,119.89,93.57,2025,19.904076738609117,-4.078738843940279,22.902639734957795,False,False,False
2025-11-07,PROD_001,Nike Air Zoom Pegasus 40,Running,Zapatillas Running,115,True,115.0,87.44,108.78,103.82,2025,31.518755718206776,5.717962860820003,10.768638027355044,False,False,False
2025-11-08,PROD_001,Nike Air Zoom Pegasus 40,Running,Zapatillas Running,115,True,115.0,88.92,110.37,106.09,2025,29.329734592892486,4.194980520068855,8.398529550381747,False,False,False
2025-11-09,PROD_001,Nike Air Zoom Pegasus 40,Running,Zapatillas Running,115,True,115.0,87.49,117.96,99.82,2025,31.443593553548986,-2.5093251949813444,15.20737327188941,False,False,False
2025-11-10,PROD_001,Nike Air Zoom Pegasus 40,Running,Zapatillas Running,115,True,115.0,83.89,112.42,103.57,2025,37.08427702944332,2.2949653086639374,11.03601428985228,False,False,False
2025-11-11,PROD_001,Nike Air Zoom Pegasus 40,Running,Zapatillas Running,115,True,115.0,86.17,115.98,97.15,2025,33.457119647209005,-0.8449732712536678,18.373648996397314,False,False,False
2025-11-12,PROD_001,Nike Air Zoom Pegasus 40,Running,Zapatillas Running,115,True,115.0,95.91,109.73,97.08,2025,19.904076738609117,4.8026975303016455,18.459002884219203,False,False,False
2025-11-13,PROD_001,Nike Air Zoom Pegasus 40,Running,Zapatillas Running,115,True,115.0,92.67,105.39,98.33,2025,24.096255530376602,9.118512192807666,16.95311705481542,False,False,False
2025-11-14,PROD_001,Nike Air Zoom Pegasus 40,Running,Zapatillas Running,115,True,115.0,95.91,123.88,100.14,2025,19.904076738609117,-7.168227316758149,14.839225084881166,False,False,False
2025-11-15,PROD_001,Nike Air Zoom Pegasus 40,Running,Zapatillas Running,115,True,115.0,87.26,103.16,100.97,2025,31.790052716021076,11.47731678945328,13.895216400911162,False,False,False
2025-11-16,PROD_001,Nike Air Zoom Pegasus 40,Running,Zapatillas Running,115,True,115.0,84.42,115.38,100.85,2025,36.22364368633025,-0.3293465071936172,14.03073872087259,False,False,False
2025-11-17,PROD_001,Nike Air Zoom Pegasus 40,Running,Zapatillas Running,115,True,115.0,88.27,110.02,94.07,2025,30.282089044975645,4.526449736411566,22.249388753056245,False,False,False
2025-11-18,PROD_001,Nike Air Zoom Pegasus 40,Running,Zapatillas Running,115,True,115.0,84.63,111.51,98.36,2025,35.8856197565875,3.1297641467132946,16.917446116307445,False,False,False
2025-11-19,PROD_001,Nike Air Zoom Pegasus 40,Running,Zapatillas Running,115,True,115.0,79.72,105.21,101.68,2025,44.2548921224285,9.305199125558413,13.099921321793856,False,False,False
2025-11-20,PROD_001,Nike Air Zoom Pegasus 40,Running,Zapatillas Running,115,True,115.0,89.86,113.07,103.35,2025,27.976852882261294,1.7069072256124584,11.272375423318826,False,False,False
2025-11-21,PROD_001,Nike Air Zoom Pegasus 40,Running,Zapatillas Running,115,True,115.0,83.11,103.87,99.61,2025,38.37083383467694,10.715317223452388,15.450255998393736,False,False,False
2025-11-22,PROD_001,Nike Air Zoom Pegasus 40,Running,Zapatillas Running,115,True,115.0,90.93,109.47,101.8,2025,26.470911690311215,5.051612313875949,12.966601178781929,False,False,False
2025-11-23,PROD_001,Nike Air Zoom Pegasus 40,Running,Zapatillas Running,115,True,115.0,93.77,117.81,101.14,2025,22.640503359283358,-2.3851965028435633,13.703776942851492,False,False,False
2025-11-24,PROD_001,Nike Air Zoom Pegasus 40,Running,Zapatillas Running,115,True,115.0,80.2,122.64,100.61,2025,43.39152119700748,-6.229615133724723,14.302753205446775,False,False,False
2025-11-25,PROD_001,Nike Air Zoom Pegasus 40,Running,Zapatillas Running,115,True,115.0,92.19,112.71,95.7,2025,24.74237986766461,2.031762931416916,20.16718913270637,False,False,False
2025-11-26,PROD_001,Nike Air Zoom Pegasus 40,Running,Zapatillas Running,115,True,115.0,85.94,112.14,94.15,2025,33.814289038864324,2.550383449259853,22.145512480084964,False,False,False
2025-11-27,PROD_001,Nike Air Zoom Pegasus 40,Running,Zapatillas Running,115,True,115.0,90.02,117.47,99.83,2025,27.74938902466119,-2.102664510087681,15.19583291595713,False,False,False
2025-11-28,PROD_001,Nike Air Zoom Pegasus 40,Running,Zapatillas Running,115,True,97.75,84.62,116.68,98.96,2025,15.51642637674308,-16.223860130270833,-1.2227162489894845,True,False,False
2025-11-29,PROD_001,Nike Air Zoom Pegasus 40,Running,Zapatillas Running,115,True,115.0,89.41,115.61,106.52,2025,28.620959624203113,-0.5276360176455319,7.960946301164104,False,False,False
2025-11-30,PROD_001,Nike Air Zoom Pegasus 40,Running,Zapatillas Running,115,True,115.0,89.5,115.22,96.99,2025,28.49162011173184,-0.19093907307758973,18.568924631405306,False,False,False
2025-11-01,PROD_002,Adidas Ultraboost 23,Running,Zapatillas Running,135,True,135.0,121.0,116.13,120.11,2025,11.570247933884298,16.249031258072854,12.396969444675715,False,False,True
2025-11-02,PROD_002,Adidas Ultraboost 23,Running,Zapatillas Running,135,True,135.0,114.52,113.78,126.45,2025,17.883339154732802,18.650026366672527,6.76156583629893,False,False,False
2025-11-03,PROD_002,Adidas Ultraboost 23,Running,Zapatillas Running,135,True,135.0,120.78,107.31,125.41,2025,11.773472429210132,25.80374615599664,7.646918108603782,False,False,False
2025-11-04,PROD_002,Adidas Ultraboost 23,Running,Zapatillas Running,135,True,135.0,123.43,112.46,129.05,2025,9.373734100299759,20.04268184243287,4.610616040294451,False,False,False
2025-11-05,PROD_002,Adidas Ultraboost 23,Running,Zapatillas Running,135,True,135.0,131.62,117.72,111.92,2025,2.56799878437927,14.678899082568808,20.621872766261614,False,False,False
2025-11-06,PROD_002,Adidas Ultraboost 23,Running,Zapatillas Running,135,True,135.0,116.53,121.22,119.94,2025,15.849995709259417,11.367761095528792,12.556278139069537,False,False,False
2025-11-07,PROD_002,Adidas Ultraboost 23,Running,Zapatillas Running,135,True,135.0,120.68,110.89,124.77,2025,11.866092144514411,21.74226711155199,8.199086318826645,False,False,False
2025-11-08,PROD_002,Adidas Ultraboost 23,Running,Zapatillas Running,135,True,135.0,121.34,118.71,128.24,2025,11.257623207516067,13.722517058377564,5.271366188396748,False,False,False
2025-11-09,PROD_002,Adidas Ultraboost 23,Running,Zapatillas Running,135,True,135.0,121.44,113.49,124.94,2025,11.166007905138342,18.953211736716895,8.051864895149674,False,False,False
2025-11-10,PROD_002,Adidas Ultraboost 23,Running,Zapatillas Running,135,True,135.0,116.05,109.66,125.85,2025,16.329168461869887,23.107787707459423,7.270560190703224,False,False,False
2025-11-11,PROD_002,Adidas Ultraboost 23,Running,Zapatillas Running,135,True,135.0,122.63,122.69,123.66,2025,10.087254342330592,10.03341755644307,9.170305676855898,False,False,False
2025-11-12,PROD_002,Adidas Ultraboost 23,Running,Zapatillas Running,135,True,135.0,115.83,103.14,121.07,2025,16.550116550116552,30.89005235602094,11.505740480713643,False,False,False
2025-11-13,PROD_002,Adidas Ultraboost 23,Running,Zapatillas Running,135,True,135.0,119.51,114.47,121.54,2025,12.96125847209438,17.934830086485544,11.074543360210624,False,False,False
2025-11-14,PROD_002,Adidas Ultraboost 23,Running,Zapatillas Running,135,True,135.0,125.38,117.78,132.83,2025,7.672675067793911,14.620478858889454,1.6336670932771116,False,False,False
2025-11-15,PROD_002,Adidas Ultraboost 23,Running,Zapatillas Running,135,True,135.0,111.55,117.92,126.61,2025,21.021963245181535,14.484396200814109,6.626648763920702,False,False,False
2025-11-16,PROD_002,Adidas Ultraboost 23,Running,Zapatillas Running,135,True,135.0,118.13,117.61,129.04,2025,14.280876999915352,14.78615763965649,4.618722876627409,False,False,False
2025-11-17,PROD_002,Adidas Ultraboost 23,Running,Zapatillas Running,135,True,135.0,115.55,108.22,134.81,2025,16.83254002596279,24.74588800591388,0.14093909947333116,False,False,False
2025-11-18,PROD_002,Adidas Ultraboost 23,Running,Zapatillas Running,135,True,135.0,114.23,114.48,119.17,2025,18.18261402433686,17.924528301886788,13.283544516237306,False,False,False
2025-11-19,PROD_002,Adidas Ultraboost 23,Running,Zapatillas Running,135,True,135.0,121.05,109.2,128.3,2025,11.524163568773236,23.626373626373624,5.222135619641456,False,False,False
2025-11-20,PROD_002,Adidas Ultraboost 23,Running,Zapatillas Running,135,True,135.0,115.81,114.69,123.37,2025,16.57024436577152,17.708605806957888,9.426927129772226,False,False,False
2025-11-21,PROD_002,Adidas Ultraboost 23,Running,Zapatillas Running,135,True,135.0,119.59,123.49,126.37,2025,12.885692783677563,9.320592760547418,6.829152488723586,False,False,False
2025-11-22,PROD_002,Adidas Ultraboost 23,Running,Zapatillas Running,135,True,135.0,116.57,116.86,126.41,2025,15.810242772583006,15.522847852130756,6.795348469266675,False,False,False
2025-11-23,PROD_002,Adidas Ultraboost 23,Running,Zapatillas Running,135,True,135.0,121.18,107.98,136.76,2025,11.404522198382566,25.023152435636227,-1.2869260017548925,False,False,False
2025-11-24,PROD_002,Adidas Ultraboost 23,Running,Zapatillas Running,135,True,135.0,116.88,108.61,114.06,2025,15.50308008213553,24.297946782064265,18.35875854813256,False,False,False
2025-11-25,PROD_002,Adidas Ultraboost 23,Running,Zapatillas Running,135,True,135.0,131.62,114.54,124.42,2025,2.56799878437927,17.862755369303294,8.503456036007071,False,False,False
2025-11-26,PROD_002,Adidas Ultraboost 23,Running,Zapatillas Running,135,True,135.0,114.75,108.06,135.22,2025,17.647058823529413,24.930594114380895,-0.16269782576541847,False,False,False
2025-11-27,PROD_002,Adidas Ultraboost 23,Running,Zapatillas Running,135,True,135.0,121.46,107.29,130.07,2025,11.147702947472425,25.82719731568645,3.790266779426468,False,False,False
2025-11-28,PROD_002,Adidas Ultraboost 23,Running,Zapatillas Running,135,True,114.75,116.78,108.83,120.26,2025,-1.738311354684022,5.439676559772123,-4.581739564277403,True,False,False
2025-11-29,PROD_002,Adidas Ultraboost 23,Running,Zapatillas Running,135,True,135.0,129.59,119.82,112.9,2025,4.174704838336289,12.669003505257892,19.574844995571297,False,False,False
2025-11-30,PROD_002,Adidas Ultraboost 23,Running,Zapatillas Running,135,True,135.0,123.73,111.02,125.09,2025,9.108542794795115,21.599711763646194,7.922295946918216,False,False,False
2025-11-01,PROD_003,Asics Gel Nimbus 25,Running,Zapatillas Running,85,False,86.39,88.64,74.21,85.22,2025,-2.5383574007220218,16.412882360867815,1.3729171555972797,False,False,True
2025-11-02,PROD_003,Asics Gel Nimbus 25,Running,Zapatillas Running,85,False,85.16,76.03,78.17,87.39,2025,12.008417729843476,8.942049379557368,-2.5517793797917427,False,False,False
2025-11-03,PROD_003,Asics Gel Nimbus 25,Running,Zapatillas Running,85,False,86.43,84.38,76.74,79.77,2025,2.429485660109044,12.627052384675544,8.349003384731116,False,False,False
2025-11-04,PROD_003,Asics Gel Nimbus 25,Running,Zapatillas Running,85,False,86.12,81.64,73.86,81.7,2025,5.487506124448805,16.598971026265914,5.410036719706244,False,False,False
2025-11-05,PROD_003,Asics Gel Nimbus 25,Running,Zapatillas Running,85,False,85.15,86.38,76.51,82.36,2025,-1.4239407270201316,11.292641484773231,3.387566779990294,False,False,False
2025-11-06,PROD_003,Asics Gel Nimbus 25,Running,Zapatillas Running,85,False,83.32,87.68,79.18,87.41,2025,-4.972627737226293,5.228593079060351,-4.679098501315643,False,False,False
2025-11-07,PROD_003,Asics Gel Nimbus 25,Running,Zapatillas Running,85,False,85.78,81.1,76.72,85.61,2025,5.770653514180033,11.809176225234623,0.19857493283495117,False,False,False
2025-11-08,PROD_003,Asics Gel Nimbus 25,Running,Zapatillas Running,85,False,84.43,89.33,77.08,83.22,2025,-5.485279301466464,9.535547483134417,1.4539774092766258,False,False,False
2025-11-09,PROD_003,Asics Gel Nimbus 25,Running,Zapatillas Running,85,False,84.41,88.59,81.31,84.31,2025,-4.718365504007232,3.8125691796826886,0.11860989206499148,False,False,False
2025-11-10,PROD_003,Asics Gel Nimbus 25,Running,Zapatillas Running,85,False,83.71,89.46,80.25,87.11,2025,-6.427453610552202,4.311526479750771,-3.9031110090689998,False,False,False
2025-11-11,PROD_003,Asics Gel Nimbus 25,Running,Zapatillas Running,85,False,85.21,84.74,81.89,76.09,2025,0.5546377153646435,4.054219074368047,11.98580628203442,False,False,False
2025-11-12,PROD_003,Asics Gel Nimbus 25,Running,Zapatillas Running,85,False,83.39,88.63,73.66,87.9,2025,-5.91221933882432,13.209340211783877,-5.130830489192269,False,False,False
2025-11-13,PROD_003,Asics Gel Nimbus 25,Running,Zapatillas Running,85,False,85.03,83.91,78.56,89.31,2025,1.3347634370158556,8.235743380855395,-4.792296495353265,False,False,False
2025-11-14,PROD_003,Asics Gel Nimbus 25,Running,Zapatillas Running,85,False,84.08,82.56,76.99,83.17,2025,1.8410852713178247,9.208988180283159,1.0941445232655964,False,False,False
2025-11-15,PROD_003,Asics Gel Nimbus 25,Running,Zapatillas Running,85,False,83.85,89.06,78.48,82.83,2025,-5.84998877161465,6.842507645259927,1.2314378848243344,False,False,False
2025-11-16,PROD_003,Asics Gel Nimbus 25,Running,Zapatillas Running,85,False,86.33,87.23,81.35,85.11,2025,-1.0317551301157923,6.12169637369392,1.433439078839148,False,False,False
2025-11-17,PROD_003,Asics Gel Nimbus 25,Running,Zapatillas Running,85,False,86.35,81.73,76.67,83.28,2025,5.6527590847913745,12.625538020086074,3.6863592699327485,False,False,False
2025-11-18,PROD_003,Asics Gel Nimbus 25,Running,Zapatillas Running,85,False,86.08,78.27,70.25,85.66,2025,9.978280311741411,22.533807829181494,0.4903105300023369,False,False,False
2025-11-19,PROD_003,Asics Gel Nimbus 25,Running,Zapatillas Running,85,False,84.06,83.35,75.36,84.02,2025,0.8518296340731949,11.54458598726115,0.04760771244942425,False,False,False
2025-11-20,PROD_003,Asics Gel Nimbus 25,Running,Zapatillas Running,85,False,85.06,86.74,74.97,89.07,2025,-1.9368226884943427,13.458716820061362,-4.502077018075661,False,False,False
2025-11-21,PROD_003,Asics Gel Nimbus 25,Running,Zapatillas Running,85,False,86.6,76.21,77.5,84.74,2025,13.633381446004464,11.74193548387096,2.1949492565494446,False,False,False
2025-11-22,PROD_003,Asics Gel Nimbus 25,Running,Zapatillas Running,85,False,83.48,96.07,78.89,83.71,2025,-13.105027584053284,5.8182279122829295,-0.27475809341773955,False,False,False
2025-11-23,PROD_003,Asics Gel Nimbus 25,Running,Zapatillas Running,85,False,84.11,84.75,74.35,88.23,2025,-0.7551622418879063,13.127101546738407,-4.669613510143947,False,False,False
2025-11-24,PROD_003,Asics Gel Nimbus 25,Running,Zapatillas Running,85,False,84.11,88.32,75.36,89.01,2025,-4.766757246376805,11.610934182590233,-5.5049994382653695,False,False,False
2025-11-25,PROD_003,Asics Gel Nimbus 25,Running,Zapatillas Running,85,False,85.45,87.57,83.61,81.35,2025,-2.4209204065319065,2.2006936969262094,5.039950829748014,False,False,False
2025-11-26,PROD_003,Asics Gel Nimbus 25,Running,Zapatillas Running,85,False,83.44,82.34,82.28,87.36,2025,1.3359242166626115,1.4098201263976624,-4.487179487179489,False,False,False
2025-11-27,PROD_003,Asics Gel Nimbus 25,Running,Zapatillas Running,85,False,83.36,77.88,77.76,81.12,2025,7.036466358500262,7.201646090534972,2.761341222879678,False,False,False
2025-11-28,PROD_003,Asics Gel Nimbus 25,Running,Zapatillas Running,85,False,72.25,85.09,74.81,80.79,2025,-15.089904806675289,-3.4220024060954444,-10.570615175145445,True,False,False
2025-11-29,PROD_003,Asics Gel Nimbus 25,Running,Zapatillas Running,85,False,83.69,80.89,79.81,80.57,2025,3.4614909135863487,4.861546172158872,3.872409085267475,False,False,False
2025-11-30,PROD_003,Asics Gel Nimbus 25,Running,Zapatillas Running,85,False,86.08,91.09,84.57,83.5,2025,-5.5000548907673785,1.785503133498883,3.0898203592814353,False,False,False
2025-11-01,PROD_004,New Balance Fresh Foam X 1080v12,Running,Zapatillas Running,75,False,74.09,85.42,65.98,76.98,2025,-13.263872629360804,12.291603516217034,-3.7542218758119,False,False,True
2025-11-02,PROD_004,New Balance Fresh Foam X 1080v12,Running,Zapatillas Running,75,False,73.57,70.19,69.57,73.81,2025,4.8155007835873995,5.749604714675867,-0.3251591925213509,False,False,False
2025-11-03,PROD_004,New Balance Fresh Foam X 1080v12,Running,Zapatillas Running,75,False,73.55,77.36,68.06,76.36,2025,-4.925025853154088,8.066411989421091,-3.6799371398638057,False,False,False
2025-11-04,PROD_004,New Balance Fresh Foam X 1080v12,Running,Zapatillas Running,75,False,76.4,71.09,64.61,73.22,2025,7.469404979603322,18.247949233864734,4.343075662387335,False,False,False
2025-11-05,PROD_004,New Balance Fresh Foam X 1080v12,Running,Zapatillas Running,75,False,74.01,77.93,70.14,74.65,2025,-5.030155267547801,5.517536355859716,-0.8573342263898198,False,False,False
2025-11-06,PROD_004,New Balance Fresh Foam X 1080v12,Running,Zapatillas Running,75,False,75.59,70.94,68.76,74.56,2025,6.554835071891747,9.93310063990692,1.381437768240345,False,False,False
2025-11-07,PROD_004,New Balance Fresh Foam X 1080v12,Running,Zapatillas Running,75,False,76.13,69.9,70.54,77.22,2025,8.91273247496422,7.924581797561651,-1.411551411551416,False,False,False
2025-11-08,PROD_004,New Balance Fresh Foam X 1080v12,Running,Zapatillas Running,75,False,75.61,68.96,66.04,75.76,2025,9.643271461716948,14.491217443973337,-0.197993664202753,False,False,False
2025-11-09,PROD_004,New Balance Fresh Foam X 1080v12,Running,Zapatillas Running,75,False,76.1,76.56,68.43,76.7,2025,-0.6008359456635423,11.208534268595626,-0.7822685788787596,False,False,False
2025-11-10,PROD_004,New Balance Fresh Foam X 1080v12,Running,Zapatillas Running,75,False,75.0,76.79,71.2,76.92,2025,-2.3310326865477355,5.337078651685389,-2.496099843993762,False,False,False
2025-11-11,PROD_004,New Balance Fresh Foam X 1080v12,Running,Zapatillas Running,75,False,76.17,77.11,65.51,70.44,2025,-1.219037738295938,16.27232483590291,8.134582623509376,False,False,False
2025-11-12,PROD_004,New Balance Fresh Foam X 1080v12,Running,Zapatillas Running,75,False,73.78,72.54,68.58,80.51,2025,1.7094017094017022,7.582385535141444,-8.359210036020375,False,False,False
2025-11-13,PROD_004,New Balance Fresh Foam X 1080v12,Running,Zapatillas Running,75,False,74.36,66.99,67.34,74.61,2025,11.001642036124801,10.424710424710417,-0.33507572711432787,False,False,False
2025-11-14,PROD_004,New Balance Fresh Foam X 1080v12,Running,Zapatillas Running,75,False,73.61,72.6,71.08,74.57,2025,1.3911845730027619,3.5593697242543634,-1.2873809843100361,False,False,False
2025-11-15,PROD_004,New Balance Fresh Foam X 1080v12,Running,Zapatillas Running,75,False,75.81,70.16,69.74,71.05,2025,8.053021664766256,8.703756811012344,6.699507389162569,False,False,False
2025-11-16,PROD_004,New Balance Fresh Foam X 1080v12,Running,Zapatillas Running,75,False,73.76,74.68,66.75,80.06,2025,-1.23192287091591,10.501872659176037,-7.86909817636772,False,False,False
2025-11-17,PROD_004,New Balance Fresh Foam X 1080v12,Running,Zapatillas Running,75,False,75.68,77.04,68.41,75.57,2025,-1.7653167185877456,10.627101300979405,0.14556040756915925,False,False,False
2025-11-18,PROD_004,New Balance Fresh Foam X 1080v12,Running,Zapatillas Running,75,False,74.47,71.84,70.49,72.31,2025,3.660913140311797,5.646190949070797,2.987138708339091,False,False,False
2025-11-19,PROD_004,New Balance Fresh Foam X 1080v12,Running,Zapatillas Running,75,False,73.58,74.03,66.45,78.79,2025,-0.6078616776982343,10.729872084273882,-6.6125142784617434,False,False,False
2025-11-20,PROD_004,New Balance Fresh Foam X 1080v12,Running,Zapatillas Running,75,False,74.02,72.59,66.75,79.06,2025,1.9699683151949203,10.891385767790256,-6.3749051353402555,False,False,False
2025-11-21,PROD_004,New Balance Fresh Foam X 1080v12,Running,Zapatillas Running,75,False,75.48,76.12,69.31,78.76,2025,-0.8407777193904368,8.902034338479298,-4.164550533265618,False,False,False
2025-11-22,PROD_004,New Balance Fresh Foam X 1080v12,Running,Zapatillas Running,75,False,75.34,68.39,67.17,77.75,2025,10.162304430472295,12.16316808098854,-3.0996784565916355,False,False,False
2025-11-23,PROD_004,New Balance Fresh Foam X 1080v12,Running,Zapatillas Running,75,False,73.54,71.65,67.78,79.34,2025,2.6378227494766233,8.49808203009738,-7.310310057978317,False,False,False
2025-11-24,PROD_004,New Balance Fresh Foam X 1080v12,Running,Zapatillas Running,75,False,73.79,61.48,65.83,73.73,2025,20.022771633051413,12.091751481087663,0.08137800081378309,False,False,False
2025-11-25,PROD_004,New Balance Fresh Foam X 1080v12,Running,Zapatillas Running,75,False,74.7,69.48,72.21,77.9,2025,7.512953367875645,3.4482758620689786,-4.107830551989734,False,False,False
2025-11-26,PROD_004,New Balance Fresh Foam X 1080v12,Running,Zapatillas Running,75,False,73.64,80.28,64.8,77.47,2025,-8.271051320378675,13.641975308641982,-4.943849231960757,False,False,False
2025-11-27,PROD_004,New Balance Fresh Foam X 1080v12,Running,Zapatillas Running,75,False,75.48,74.53,67.87,74.56,2025,1.2746545015430066,11.212612347134225,1.2339055793991438,False,False,False
2025-11-28,PROD_004,New Balance Fresh Foam X 1080v12,Running,Zapatillas Running,75,False,63.75,72.75,70.15,69.0,2025,-12.371134020618557,-9.123307198859594,-7.608695652173914,True,False,False
2025-11-29,PROD_004,New Balance Fresh Foam X 1080v12,Running,Zapatillas Running,75,False,74.87,77.25,68.55,75.56,2025,-3.080906148867308,9.219547775346474,-0.9131815775542584,False,False,False
2025-11-30,PROD_004,New Balance Fresh Foam X 1080v12,Running,Zapatillas Running,75,False,76.22,74.06,69.07,72.76,2025,2.9165541452876,10.351816997249177,4.755360087960408,False,False,False
2025-11-01,PROD_005,Nike Dri-FIT Miler,Running,Ropa Running,35,False,34.76,36.95,32.91,35.69,2025,-5.926928281461447,5.621391674263147,-2.6057719249089373,False,False,True
2025-11-02,PROD_005,Nike Dri-FIT Miler,Running,Ropa Running,35,False,34.43,35.95,31.24,34.87,2025,-4.22809457579973,10.211267605633807,-1.261829652996839,False,False,False
2025-11-03,PROD_005,Nike Dri-FIT Miler,Running,Ropa Running,35,False,35.07,36.61,31.86,33.8,2025,-4.206500956022943,10.075329566854993,3.757396449704151,False,False,False
2025-11-04,PROD_005,Nike Dri-FIT Miler,Running,Ropa Running,35,False,34.5,34.17,32.71,36.65,2025,0.9657594381035947,5.4723326199938835,-5.866302864938605,False,False,False
2025-11-05,PROD_005,Nike Dri-FIT Miler,Running,Ropa Running,35,False,34.44,35.23,31.45,34.26,2025,-2.2424070394550077,9.50715421303656,0.5253940455341498,False,False,False
2025-11-06,PROD_005,Nike Dri-FIT Miler,Running,Ropa Running,35,False,34.42,35.21,33.32,34.26,2025,-2.243680772507808,3.3013205282112885,0.46701692936370026,False,False,False
2025-11-07,PROD_005,Nike Dri-FIT Miler,Running,Ropa Running,35,False,35.63,33.42,31.78,35.28,2025,6.612806702573312,12.114537444933925,0.992063492063496,False,False,False
2025-11-08,PROD_005,Nike Dri-FIT Miler,Running,Ropa Running,35,False,34.89,37.55,31.68,34.87,2025,-7.083888149134479,10.13257575757576,0.057355893318047406,False,False,False
2025-11-09,PROD_005,Nike Dri-FIT Miler,Running,Ropa Running,35,False,34.96,35.38,31.09,35.55,2025,-1.1871113623516159,12.447732389835963,-1.6596343178621558,False,False,False
2025-11-10,PROD_005,Nike Dri-FIT Miler,Running,Ropa Running,35,False,35.65,37.66,30.4,33.78,2025,-5.337227827934143,17.269736842105264,5.535820011841318,False,False,False
2025-11-11,PROD_005,Nike Dri-FIT Miler,Running,Ropa Running,35,False,35.52,35.19,32.04,35.0,2025,0.9377664109122062,10.861423220973796,1.4857142857142946,False,False,False
2025-11-12,PROD_005,Nike Dri-FIT Miler,Running,Ropa Running,35,False,35.66,33.31,34.57,35.41,2025,7.054938456919826,3.1530228521839643,0.7060152499293986,False,False,False
2025-11-13,PROD_005,Nike Dri-FIT Miler,Running,Ropa Running,35,False,35.27,38.83,31.16,36.01,2025,-9.168168941540035,13.189987163029535,-2.054984726464857,False,False,False
2025-11-14,PROD_005,Nike Dri-FIT Miler,Running,Ropa Running,35,False,34.36,35.12,31.9,36.15,2025,-2.1640091116173066,7.711598746081508,-4.951590594744119,False,False,False
2025-11-15,PROD_005,Nike Dri-FIT Miler,Running,Ropa Running,35,False,35.17,33.19,31.35,32.11,2025,5.9656523049111305,12.18500797448166,9.52974151354719,False,False,False
2025-11-16,PROD_005,Nike Dri-FIT Miler,Running,Ropa Running,35,False,35.12,33.78,29.88,35.35,2025,3.966844286560084,17.53681392235609,-0.6506364922206619,False,False,False
2025-11-17,PROD_005,Nike Dri-FIT Miler,Running,Ropa Running,35,False,35.44,33.08,32.57,33.16,2025,7.13422007255139,8.811789990789062,6.875753920386011,False,False,False
2025-11-18,PROD_005,Nike Dri-FIT Miler,Running,Ropa Running,35,False,35.61,38.22,31.94,34.51,2025,-6.828885400313971,11.490294301815899,3.1874818893074517,False,False,False
2025-11-19,PROD_005,Nike Dri-FIT Miler,Running,Ropa Running,35,False,35.43,31.54,33.54,34.73,2025,12.333544705136337,5.6350626118067995,2.0155485171321708,False,False,False
2025-11-20,PROD_005,Nike Dri-FIT Miler,Running,Ropa Running,35,False,34.88,37.1,31.9,34.8,2025,-5.983827493261453,9.341692789968665,0.22988505747127988,False,False,False
2025-11-21,PROD_005,Nike Dri-FIT Miler,Running,Ropa Running,35,False,35.51,34.78,32.07,34.29,2025,2.098907418056345,10.726535703149354,3.557888597258673,False,False,False
2025-11-22,PROD_005,Nike Dri-FIT Miler,Running,Ropa Running,35,False,34.93,35.94,30.49,35.57,2025,-2.81023928770172,14.562151525090197,-1.7992690469496784,False,False,False
2025-11-23,PROD_005,Nike Dri-FIT Miler,Running,Ropa Running,35,False,35.24,31.88,33.45,35.31,2025,10.539523212045179,5.351270553064272,-0.19824412347776912,False,False,False
2025-11-24,PROD_005,Nike Dri-FIT Miler,Running,Ropa Running,35,False,35.03,33.36,32.15,36.9,2025,5.005995203836935,8.958009331259728,-5.067750677506768,False,False,False
2025-11-25,PROD_005,Nike Dri-FIT Miler,Running,Ropa Running,35,False,35.49,38.65,33.99,34.55,2025,-8.175937904269073,4.41306266548985,2.7206946454414034,False,False,False
2025-11-26,PROD_005,Nike Dri-FIT Miler,Running,Ropa Running,35,False,34.49,36.6,33.69,36.02,2025,-5.76502732240437,2.3745918670228683,-4.247640199888953,False,False,False
2025-11-27,PROD_005,Nike Dri-FIT Miler,Running,Ropa Running,35,False,34.6,36.76,30.05,33.34,2025,-5.875952121871591,15.141430948419304,3.7792441511697596,False,False,False
2025-11-28,PROD_005,Nike Dri-FIT Miler,Running,Ropa Running,35,False,29.75,34.09,28.7,33.22,2025,-12.731006160164279,3.658536585365856,-10.445514750150508,True,False,False
2025-11-29,PROD_005,Nike Dri-FIT Miler,Running,Ropa Running,35,False,35.17,37.28,30.11,34.8,2025,-5.659871244635192,16.80504815675856,1.063218390804611,False,False,False
2025-11-30,PROD_005,Nike Dri-FIT Miler,Running,Ropa Running,35,False,34.94,34.76,32.47,36.34,2025,0.51783659378596,7.6070218663381555,-3.8525041276830088,False,False,False
2025-11-01,PROD_006,Adidas Own The Run Jacket,Running,Ropa Running,65,False,63.8,63.82,60.99,61.98,2025,-0.03133813851457713,4.607312674208878,2.9364311068086484,False,False,True
2025-11-02,PROD_006,Adidas Own The Run Jacket,Running,Ropa Running,65,False,66.03,74.72,61.51,64.08,2025,-11.630085653104922,7.348398634368401,3.043071161048694,False,False,False
2025-11-03,PROD_006,Adidas Own The Run Jacket,Running,Ropa Running,65,False,65.08,61.5,57.73,62.19,2025,5.821138211382111,12.731681967781054,4.647049364849655,False,False,False
2025-11-04,PROD_006,Adidas Own The Run Jacket,Running,Ropa Running,65,False,64.68,62.52,57.2,68.52,2025,3.4548944337811958,13.076923076923084,-5.604203152364258,False,False,False
2025-11-05,PROD_006,Adidas Own The Run Jacket,Running,Ropa Running,65,False,65.75,67.52,57.6,64.39,2025,-2.621445497630326,14.149305555555552,2.112129212610653,False,False,False
2025-11-06,PROD_006,Adidas Own The Run Jacket,Running,Ropa Running,65,False,65.1,69.63,60.37,61.86,2025,-6.505816458423095,7.835017392744737,5.237633365664395,False,False,False
2025-11-07,PROD_006,Adidas Own The Run Jacket,Running,Ropa Running,65,False,64.44,64.01,62.05,61.2,2025,0.671770035931874,3.8517324738114436,5.294117647058815,False,False,False
2025-11-08,PROD_006,Adidas Own The Run Jacket,Running,Ropa Running,65,False,65.18,60.05,60.42,62.81,2025,8.54288093255622,7.878186031115534,3.7732845088361797,False,False,False
2025-11-09,PROD_006,Adidas Own The Run Jacket,Running,Ropa Running,65,False,64.19,63.04,57.69,63.07,2025,1.824238578680201,11.26711735136072,1.7758046614872323,False,False,False
2025-11-10,PROD_006,Adidas Own The Run Jacket,Running,Ropa Running,65,False,66.03,64.79,57.69,65.06,2025,1.9138755980861164,14.456578263130531,1.4909314478942497,False,False,False
2025-11-11,PROD_006,Adidas Own The Run Jacket,Running,Ropa Running,65,False,63.99,64.47,60.08,64.19,2025,-0.744532340623541,6.507989347536625,-0.31157501168405627,False,False,False
2025-11-12,PROD_006,Adidas Own The Run Jacket,Running,Ropa Running,65,False,65.95,62.74,60.8,65.62,2025,5.116353203697802,8.470394736842115,0.5028954587016127,False,False,False
2025-11-13,PROD_006,Adidas Own The Run Jacket,Running,Ropa Running,65,False,66.12,61.43,63.32,68.35,2025,7.6347061696239695,4.421983575489583,-3.2626188734454864,False,False,False
2025-11-14,PROD_006,Adidas Own The Run Jacket,Running,Ropa Running,65,False,64.43,62.46,60.44,62.53,2025,3.1540185718860165,6.601588352084728,3.0385415000799707,False,False,False
2025-11-15,PROD_006,Adidas Own The Run Jacket,Running,Ropa Running,65,False,65.02,58.72,58.42,63.65,2025,10.728882833787463,11.297500855871267,2.152395915161033,False,False,False
2025-11-16,PROD_006,Adidas Own The Run Jacket,Running,Ropa Running,65,False,65.29,66.73,56.06,64.24,2025,-2.157949947549824,16.464502318943993,1.6344956413449745,False,False,False
2025-11-17,PROD_006,Adidas Own The Run Jacket,Running,Ropa Running,65,False,65.08,60.67,59.03,63.4,2025,7.268831382891045,10.24902591902422,2.649842271293375,False,False,False
2025-11-18,PROD_006,Adidas Own The Run Jacket,Running,Ropa Running,65,False,64.05,67.93,58.19,66.44,2025,-5.711762108052421,10.070458841725381,-3.597230583985552,False,False,False
2025-11-19,PROD_006,Adidas Own The Run Jacket,Running,Ropa Running,65,False,65.68,60.93,57.9,70.34,2025,7.795831281798797,13.43696027633853,-6.6249644583451754,False,False,False
2025-11-20,PROD_006,Adidas Own The Run Jacket,Running,Ropa Running,65,False,64.77,66.53,58.92,65.3,2025,-2.6454231173906586,9.928716904276975,-0.8116385911179191,False,False,False
2025-11-21,PROD_006,Adidas Own The Run Jacket,Running,Ropa Running,65,False,66.14,62.66,60.27,68.25,2025,5.553782317267801,9.739505558320886,-3.091575091575091,False,False,False
2025-11-22,PROD_006,Adidas Own The Run Jacket,Running,Ropa Running,65,False,65.89,65.74,58.51,63.21,2025,0.22817158503195267,12.613228507947364,4.239835469071349,False,False,False
2025-11-23,PROD_006,Adidas Own The Run Jacket,Running,Ropa Running,65,False,64.13,63.22,60.38,66.92,2025,1.4394179057260308,6.210665783371965,-4.169157202630015,False,False,False
2025-11-24,PROD_006,Adidas Own The Run Jacket,Running,Ropa Running,65,False,65.06,67.49,58.68,67.33,2025,-3.6005334123573753,10.872528970688485,-3.3714540323778346,False,False,False
2025-11-25,PROD_006,Adidas Own The Run Jacket,Running,Ropa Running,65,False,64.84,63.3,57.99,58.95,2025,2.4328593996840544,11.812381445076738,9.991518235793045,False,False,False
2025-11-26,PROD_006,Adidas Own The Run Jacket,Running,Ropa Running,65,False,64.48,64.7,62.61,65.19,2025,-0.34003091190108015,2.9867433317361516,-1.089124098788148,False,False,False
2025-11-27,PROD_006,Adidas Own The Run Jacket,Running,Ropa Running,65,False,64.7,63.92,61.07,64.63,2025,1.220275344180227,5.943998690027841,0.10830883490640167,False,False,False
2025-11-28,PROD_006,Adidas Own The Run Jacket,Running,Ropa Running,65,False,55.25,63.61,54.73,65.17,2025,-13.142587643452286,0.9501187648456114,-15.221727788859907,True,False,False
2025-11-29,PROD_006,Adidas Own The Run Jacket,Running,Ropa Running,65,False,64.06,66.3,61.76,66.76,2025,-3.378582202111606,3.7240932642487117,-4.044337926902341,False,False,False
2025-11-30,PROD_006,Adidas Own The Run Jacket,Running,Ropa Running,65,False,65.75,64.9,58.42,62.32,2025,1.3097072419106228,12.547072920232793,5.50385109114249,False,False,False
2025-11-01,PROD_007,Puma Velocity Nitro 2,Running,Zapatillas Running,70,False,70.3,75.74,62.67,67.11,2025,-7.182466332189065,12.174884314664105,4.753389956787361,False,False,True
2025-11-02,PROD_007,Puma Velocity Nitro 2,Running,Zapatillas Running,70,False,71.36,69.56,69.36,70.95,2025,2.587694077055775,2.883506343713956,0.5778717406624335,False,False,False
2025-11-03,PROD_007,Puma Velocity Nitro 2,Running,Zapatillas Running,70,False,69.72,69.44,62.86,67.05,2025,0.40322580645161454,10.913140311804009,3.9821029082774073,False,False,False
2025-11-04,PROD_007,Puma Velocity Nitro 2,Running,Zapatillas Running,70,False,70.1,64.05,63.29,71.22,2025,9.445745511319279,10.75999367988623,-1.5725919685481669,False,False,False
2025-11-05,PROD_007,Puma Velocity Nitro 2,Running,Zapatillas Running,70,False,69.57,68.8,67.45,68.96,2025,1.1191860465116221,3.143068939955508,0.884570765661252,False,False,False
2025-11-06,PROD_007,Puma Velocity Nitro 2,Running,Zapatillas Running,70,False,68.99,64.6,63.78,66.27,2025,6.795665634674925,8.168704923173399,4.104421306775312,False,False,False
2025-11-07,PROD_007,Puma Velocity Nitro 2,Running,Zapatillas Running,70,False,69.77,69.18,65.32,74.31,2025,0.8528476438276802,6.812614819350893,-6.109541111559691,False,False,False
2025-11-08,PROD_007,Puma Velocity Nitro 2,Running,Zapatillas Running,70,False,68.64,74.06,61.57,70.93,2025,-7.318390494193899,11.482865031671269,-3.228535175525174,False,False,False
2025-11-09,PROD_007,Puma Velocity Nitro 2,Running,Zapatillas Running,70,False,71.29,69.04,61.37,76.15,2025,3.258980301274623,16.16424963337137,-6.382140512147077,False,False,False
2025-11-10,PROD_007,Puma Velocity Nitro 2,Running,Zapatillas Running,70,False,68.79,70.22,62.08,71.33,2025,-2.036456849900303,10.80863402061857,-3.5609140614047274,False,False,False
2025-11-11,PROD_007,Puma Velocity Nitro 2,Running,Zapatillas Running,70,False,71.11,67.95,62.6,69.54,2025,4.650478292862394,13.594249201277952,2.257693413862515,False,False,False
2025-11-12,PROD_007,Puma Velocity Nitro 2,Running,Zapatillas Running,70,False,70.18,68.05,66.84,62.87,2025,3.130051432770036,4.997007779772597,11.627167170351536,False,False,False
2025-11-13,PROD_007,Puma Velocity Nitro 2,Running,Zapatillas Running,70,False,69.83,74.49,59.25,68.75,2025,-6.255873271580074,17.856540084388183,1.5709090909090884,False,False,False
2025-11-14,PROD_007,Puma Velocity Nitro 2,Running,Zapatillas Running,70,False,71.01,68.67,63.47,70.96,2025,3.4076015727391926,11.87962817078936,0.07046223224353351,False,False,False
2025-11-15,PROD_007,Puma Velocity Nitro 2,Running,Zapatillas Running,70,False,69.36,66.01,67.63,72.0,2025,5.07498863808513,2.5580363743900696,-3.6666666666666674,False,False,False
2025-11-16,PROD_007,Puma Velocity Nitro 2,Running,Zapatillas Running,70,False,68.68,74.58,62.25,67.77,2025,-7.910968087959228,10.329317269076316,1.3427770399882113,False,False,False
2025-11-17,PROD_007,Puma Velocity Nitro 2,Running,Zapatillas Running,70,False,70.48,68.12,64.87,66.52,2025,3.464474456840868,8.648065361492213,5.953096812988587,False,False,False
2025-11-18,PROD_007,Puma Velocity Nitro 2,Running,Zapatillas Running,70,False,68.88,72.58,65.58,67.23,2025,-5.097823091760819,5.032021957913994,2.454261490406056,False,False,False
2025-11-19,PROD_007,Puma Velocity Nitro 2,Running,Zapatillas Running,70,False,71.0,68.71,66.33,66.88,2025,3.3328482025906077,7.040554801748835,6.16028708133972,False,False,False
2025-11-20,PROD_007,Puma Velocity Nitro 2,Running,Zapatillas Running,70,False,69.42,72.23,60.14,74.1,2025,-3.890350269970929,15.43066178915863,-6.315789473684201,False,False,False
2025-11-21,PROD_007,Puma Velocity Nitro 2,Running,Zapatillas Running,70,False,71.1,68.13,66.09,67.83,2025,4.359313077939232,7.580571947344517,4.82087571870853,False,False,False
2025-11-22,PROD_007,Puma Velocity Nitro 2,Running,Zapatillas Running,70,False,70.25,64.94,65.45,66.04,2025,8.176778564829077,7.33384262796027,6.374924288310105,False,False,False
2025-11-23,PROD_007,Puma Velocity Nitro 2,Running,Zapatillas Running,70,False,69.75,62.52,67.51,70.16,2025,11.564299424184256,3.3180269589690337,-0.5843785632839177,False,False,False
2025-11-24,PROD_007,Puma Velocity Nitro 2,Running,Zapatillas Running,70,False,70.74,69.66,65.92,69.54,2025,1.5503875968992225,7.311893203883485,1.7256255392579645,False,False,False
2025-11-25,PROD_007,Puma Velocity Nitro 2,Running,Zapatillas Running,70,False,70.84,68.7,63.67,70.4,2025,3.1149927219796223,11.261190513585678,0.6249999999999968,False,False,False
2025-11-26,PROD_007,Puma Velocity Nitro 2,Running,Zapatillas Running,70,False,70.37,63.86,62.43,68.56,2025,10.194174757281562,12.718244433765827,2.6400233372228734,False,False,False
2025-11-27,PROD_007,Puma Velocity Nitro 2,Running,Zapatillas Running,70,False,70.94,70.08,64.56,68.25,2025,1.2271689497716887,9.882280049566287,3.9413919413919385,False,False,False
2025-11-28,PROD_007,Puma Velocity Nitro 2,Running,Zapatillas Running,70,False,59.5,62.22,63.05,72.47,2025,-4.37158469945355,-5.6304520222045955,-17.89706085276666,True,False,False
2025-11-29,PROD_007,Puma Velocity Nitro 2,Running,Zapatillas Running,70,False,70.92,72.59,64.36,72.11,2025,-2.3005923680947813,10.192666252330644,-1.6502565524892494,False,False,False
2025-11-30,PROD_007,Puma Velocity Nitro 2,Running,Zapatillas Running,70,False,70.28,66.4,64.91,69.22,2025,5.843373493975896,8.27299337544293,1.5313493210054931,False,False,False
2025-11-01,PROD_008,Reebok Floatride Energy 5,Running,Zapatillas Running,65,False,64.41,68.08,55.66,67.77,2025,-5.390716803760285,15.720445562342796,-4.957945993802567,False,False,True
2025-11-02,PROD_008,Reebok Floatride Energy 5,Running,Zapatillas Running,65,False,63.94,64.35,60.56,65.42,2025,-0.637140637140632,5.581241743725224,-2.262305105472339,False,False,False
2025-11-03,PROD_008,Reebok Floatride Energy 5,Running,Zapatillas Running,65,False,65.97,59.86,60.96,66.49,2025,10.207150016705647,8.21850393700787,-0.7820724921040698,False,False,False
2025-11-04,PROD_008,Reebok Floatride Energy 5,Running,Zapatillas Running,65,False,65.41,67.59,60.22,64.82,2025,-3.2253291907086945,8.618399202922614,0.9102128972539394,False,False,False
2025-11-05,PROD_008,Reebok Floatride Energy 5,Running,Zapatillas Running,65,False,64.28,58.7,60.96,65.32,2025,9.505962521294716,5.4461942257217855,-1.5921616656460382,False,False,False
2025-11-06,PROD_008,Reebok Floatride Energy 5,Running,Zapatillas Running,65,False,63.79,60.77,61.44,64.89,2025,4.969557347375344,3.824869791666669,-1.6951764524580082,False,False,False
2025-11-07,PROD_008,Reebok Floatride Energy 5,Running,Zapatillas Running,65,False,65.94,67.05,58.32,67.14,2025,-1.655480984340044,13.065843621399173,-1.7873100983020596,False,False,False
2025-11-08,PROD_008,Reebok Floatride Energy 5,Running,Zapatillas Running,65,False,65.86,64.96,58.33,63.94,2025,1.3854679802955754,12.909309103377339,3.0028151391929963,False,False,False
2025-11-09,PROD_008,Reebok Floatride Energy 5,Running,Zapatillas Running,65,False,63.9,63.52,57.14,68.09,2025,0.5982367758186325,11.830591529576475,-6.153620208547517,False,False,False
2025-11-10,PROD_008,Reebok Floatride Energy 5,Running,Zapatillas Running,65,False,65.58,63.95,58.38,68.5,2025,2.548866301798273,12.33299075025693,-4.26277372262774,False,False,False
2025-11-11,PROD_008,Reebok Floatride Energy 5,Running,Zapatillas Running,65,False,64.53,65.32,61.06,65.68,2025,-1.2094304960195839,5.682934818211593,-1.7509135200974506,False,False,False
2025-11-12,PROD_008,Reebok Floatride Energy 5,Running,Zapatillas Running,65,False,65.3,64.91,61.47,63.74,2025,0.6008319211215538,6.2306816333170625,2.447442736115461,False,False,False
2025-11-13,PROD_008,Reebok Floatride Energy 5,Running,Zapatillas Running,65,False,64.95,69.64,61.17,65.75,2025,-6.734635267087877,6.179499754781757,-1.2167300380228094,False,False,False
2025-11-14,PROD_008,Reebok Floatride Energy 5,Running,Zapatillas Running,65,False,66.26,63.03,62.27,68.82,2025,5.124543867999372,6.4075798940099595,-3.7198488811391863,False,False,False
2025-11-15,PROD_008,Reebok Floatride Energy 5,Running,Zapatillas Running,65,False,64.32,62.76,58.66,63.04,2025,2.4856596558317325,9.64882372996931,2.0304568527918687,False,False,False
2025-11-16,PROD_008,Reebok Floatride Energy 5,Running,Zapatillas Running,65,False,64.45,61.04,57.7,64.91,2025,5.586500655308001,11.69844020797227,-0.7086735479895144,False,False,False
2025-11-17,PROD_008,Reebok Floatride Energy 5,Running,Zapatillas Running,65,False,64.7,65.45,57.08,66.65,2025,-1.1459129106187929,13.349684653118437,-2.9257314328582185,False,False,False
2025-11-18,PROD_008,Reebok Floatride Energy 5,Running,Zapatillas Running,65,False,66.17,68.13,58.84,64.87,2025,-2.8768530750036607,12.45751189666893,2.0040080160320595,False,False,False
2025-11-19,PROD_008,Reebok Floatride Energy 5,Running,Zapatillas Running,65,False,65.29,67.02,61.68,68.92,2025,-2.581319009250955,5.852788586251632,-5.266976204294828,False,False,False
2025-11-20,PROD_008,Reebok Floatride Energy 5,Running,Zapatillas Running,65,False,65.03,62.35,58.19,63.48,2025,4.298315958299919,11.754597009795503,2.4417139256458795,False,False,False
2025-11-21,PROD_008,Reebok Floatride Energy 5,Running,Zapatillas Running,65,False,65.73,62.64,58.26,64.58,2025,4.932950191570887,12.821833161688993,1.7807370703004115,False,False,False
2025-11-22,PROD_008,Reebok Floatride Energy 5,Running,Zapatillas Running,65,False,66.22,69.68,58.11,62.97,2025,-4.965556831228484,13.956289795215968,5.161187867238367,False,False,False
2025-11-23,PROD_008,Reebok Floatride Energy 5,Running,Zapatillas Running,65,False,65.82,66.3,57.83,63.28,2025,-0.7239819004524947,13.816358291544173,4.013906447534754,False,False,False
2025-11-24,PROD_008,Reebok Floatride Energy 5,Running,Zapatillas Running,65,False,65.1,70.13,62.97,63.5,2025,-7.172394125196066,3.3825631252977537,2.51968503937007,False,False,False
2025-11-25,PROD_008,Reebok Floatride Energy 5,Running,Zapatillas Running,65,False,66.01,63.24,60.4,67.62,2025,4.380139152435173,9.288079470198687,-2.3809523809523796,False,False,False
2025-11-26,PROD_008,Reebok Floatride Energy 5,Running,Zapatillas Running,65,False,65.13,63.99,57.64,61.64,2025,1.7815283638068347,12.994448299791802,5.661907852044119,False,False,False
2025-11-27,PROD_008,Reebok Floatride Energy 5,Running,Zapatillas Running,65,False,65.58,62.01,57.55,64.97,2025,5.757135945815191,13.953084274543878,0.9388948745574872,False,False,False
2025-11-28,PROD_008,Reebok Floatride Energy 5,Running,Zapatillas Running,65,False,55.25,59.01,57.47,65.84,2025,-6.371801389594981,-3.862884983469635,-16.084447144592957,True,False,False
2025-11-29,PROD_008,Reebok Floatride Energy 5,Running,Zapatillas Running,65,False,64.95,68.91,59.99,68.2,2025,-5.746626033957327,8.268044674112353,-4.765395894428153,False,False,False
2025-11-30,PROD_008,Reebok Floatride Energy 5,Running,Zapatillas Running,65,False,65.17,60.59,60.48,64.12,2025,7.559003135830992,7.754629629629638,1.637554585152834,False,False,False
2025-11-01,PROD_009,Bowflex SelectTech 552,Fitness,Mancuernas Ajustables,400,True,400.0,389.87,351.56,355.83,2025,2.59830199810193,13.778586869951074,12.413231037293095,False,False,True
2025-11-02,PROD_009,Bowflex SelectTech 552,Fitness,Mancuernas Ajustables,400,True,400.0,390.69,360.96,368.63,2025,2.382963474877781,10.815602836879439,8.50988796354068,False,False,False
2025-11-03,PROD_009,Bowflex SelectTech 552,Fitness,Mancuernas Ajustables,400,True,400.0,392.69,330.84,371.11,2025,1.8615192645598313,20.904364647563785,7.784753846568399,False,False,False
2025-11-04,PROD_009,Bowflex SelectTech 552,Fitness,Mancuernas Ajustables,400,True,400.0,371.38,342.23,359.86,2025,7.706392374387422,16.8804605090144,11.154337798032564,False,False,False
2025-11-05,PROD_009,Bowflex SelectTech 552,Fitness,Mancuernas Ajustables,400,True,400.0,389.03,334.75,383.4,2025,2.8198339459681843,19.492158327109784,4.329681794470533,False,False,False
2025-11-06,PROD_009,Bowflex SelectTech 552,Fitness,Mancuernas Ajustables,400,True,400.0,393.77,360.03,352.09,2025,1.5821418594611114,11.101852623392503,13.607316311170447,False,False,False
2025-11-07,PROD_009,Bowflex SelectTech 552,Fitness,Mancuernas Ajustables,400,True,400.0,378.51,348.4,380.05,2025,5.677525032363744,14.810562571756607,5.249309301407706,False,False,False
2025-11-08,PROD_009,Bowflex SelectTech 552,Fitness,Mancuernas Ajustables,400,True,400.0,370.35,336.54,381.55,2025,8.005940326717962,18.856599512687936,4.835539247805003,False,False,False
2025-11-09,PROD_009,Bowflex SelectTech 552,Fitness,Mancuernas Ajustables,400,True,400.0,396.55,332.0,403.6,2025,0.8700037826251389,20.481927710843372,-0.8919722497522354,False,False,False
2025-11-10,PROD_009,Bowflex SelectTech 552,Fitness,Mancuernas Ajustables,400,True,400.0,390.11,337.48,360.11,2025,2.5351823844556627,18.525542254355805,11.077170864458077,False,False,False
2025-11-11,PROD_009,Bowflex SelectTech 552,Fitness,Mancuernas Ajustables,400,True,400.0,392.99,358.55,361.34,2025,1.7837604010280137,11.560451819829867,10.699064592904199,False,False,False
2025-11-12,PROD_009,Bowflex SelectTech 552,Fitness,Mancuernas Ajustables,400,True,400.0,371.63,349.05,374.41,2025,7.633936980329898,14.596762641455374,6.834753345263207,False,False,False
2025-11-13,PROD_009,Bowflex SelectTech 552,Fitness,Mancuernas Ajustables,400,True,400.0,397.06,327.61,365.89,2025,0.7404422505414793,22.09639510393455,9.322473967585891,False,False,False
2025-11-14,PROD_009,Bowflex SelectTech 552,Fitness,Mancuernas Ajustables,400,True,400.0,367.85,358.47,387.03,2025,8.739975533505499,11.585348843696815,3.3511614086763375,False,False,False
2025-11-15,PROD_009,Bowflex SelectTech 552,Fitness,Mancuernas Ajustables,400,True,400.0,368.31,337.36,349.76,2025,8.604164969726588,18.567702157932175,14.364135407136324,False,False,False
2025-11-16,PROD_009,Bowflex SelectTech 552,Fitness,Mancuernas Ajustables,400,True,400.0,375.84,336.27,363.56,2025,6.4282673478075845,18.952032592856938,10.023104852018923,False,False,False
2025-11-17,PROD_009,Bowflex SelectTech 552,Fitness,Mancuernas Ajustables,400,True,400.0,401.82,346.26,394.45,2025,-0.45293912697227445,15.520129382544912,1.407022436303717,False,False,False
2025-11-18,PROD_009,Bowflex SelectTech 552,Fitness,Mancuernas Ajustables,400,True,400.0,390.58,345.52,364.19,2025,2.41179783911107,15.767538782125499,9.832779593069551,False,False,False
2025-11-19,PROD_009,Bowflex SelectTech 552,Fitness,Mancuernas Ajustables,400,True,400.0,355.03,345.24,347.09,2025,12.666535222375582,15.861429730042866,15.243884871359024,False,False,False
2025-11-20,PROD_009,Bowflex SelectTech 552,Fitness,Mancuernas Ajustables,400,True,400.0,407.09,350.88,374.34,2025,-1.7416296150728279,13.999088007295942,6.854730993214732,False,False,False
2025-11-21,PROD_009,Bowflex SelectTech 552,Fitness,Mancuernas Ajustables,400,True,400.0,381.57,361.0,333.2,2025,4.830044290693715,10.80332409972299,20.048019207683076,False,False,False
2025-11-22,PROD_009,Bowflex SelectTech 552,Fitness,Mancuernas Ajustables,400,True,400.0,404.69,337.42,363.65,2025,-1.1589117596184728,18.54661845770849,9.995875154681706,False,False,False
2025-11-23,PROD_009,Bowflex SelectTech 552,Fitness,Mancuernas Ajustables,400,True,400.0,387.98,348.33,381.17,2025,3.0980978400948453,14.833634771624615,4.940052994726758,False,False,False
2025-11-24,PROD_009,Bowflex SelectTech 552,Fitness,Mancuernas Ajustables,400,True,400.0,400.75,347.69,345.7,2025,-0.18714909544603867,15.045011360694874,15.707260630604575,False,False,False
2025-11-25,PROD_009,Bowflex SelectTech 552,Fitness,Mancuernas Ajustables,400,True,400.0,385.16,349.89,365.86,2025,3.852944230968941,14.321643945239938,9.33143825507024,False,False,False
2025-11-26,PROD_009,Bowflex SelectTech 552,Fitness,Mancuernas Ajustables,400,True,400.0,402.82,368.78,381.1,2025,-0.7000645449580442,8.465751938825324,4.959328260299127,False,False,False
2025-11-27,PROD_009,Bowflex SelectTech 552,Fitness,Mancuernas Ajustables,400,True,400.0,382.2,337.2,386.86,2025,4.657247514390375,18.623962040332152,3.396577573282321,False,False,False
2025-11-28,PROD_009,Bowflex SelectTech 552,Fitness,Mancuernas Ajustables,400,True,340.0,379.53,306.81,334.33,2025,-10.415513925117903,10.817769955346957,1.6959291717763934,True,False,False
2025-11-29,PROD_009,Bowflex SelectTech 552,Fitness,Mancuernas Ajustables,400,True,400.0,362.06,335.4,368.86,2025,10.478926144837871,19.260584376863456,8.442227403350861,False,False,False
2025-11-30,PROD_009,Bowflex SelectTech 552,Fitness,Mancuernas Ajustables,400,True,400.0,422.4,344.71,388.63,2025,-5.303030303030297,16.039569493197188,2.9256619406633573,False,False,False
2025-11-01,PROD_010,Domyos BM900,Fitness,Banco Gimnasio,175,True,175.0,199.88,158.87,160.44,2025,-12.44746848108865,10.152955246427894,9.075043630017454,False,False,True
2025-11-02,PROD_010,Domyos BM900,Fitness,Banco Gimnasio,175,True,175.0,196.2,153.19,187.25,2025,-10.805300713557589,14.237221750767024,-6.5420560747663545,False,False,False
2025-11-03,PROD_010,Domyos BM900,Fitness,Banco Gimnasio,175,True,175.0,183.74,146.42,173.46,2025,-4.756721454228806,19.51919136729956,0.8878127522195273,False,False,False
2025-11-04,PROD_010,Domyos BM900,Fitness,Banco Gimnasio,175,True,175.0,183.96,170.62,154.76,2025,-4.870624048706245,2.5671081936466975,13.078314810028438,False,False,False
2025-11-05,PROD_010,Domyos BM900,Fitness,Banco Gimnasio,175,True,175.0,176.15,154.34,174.69,2025,-0.6528526823729808,13.386030841000387,0.17745720991470734,False,False,False
2025-11-06,PROD_010,Domyos BM900,Fitness,Banco Gimnasio,175,True,175.0,182.69,139.83,161.85,2025,-4.20931632820625,25.15197024958877,8.124806919987646,False,False,False
2025-11-07,PROD_010,Domyos BM900,Fitness,Banco Gimnasio,175,True,175.0,197.38,145.69,187.25,2025,-11.33853480595805,20.118058892168307,-6.5420560747663545,False,False,False
2025-11-08,PROD_010,Domyos BM900,Fitness,Banco Gimnasio,175,True,175.0,188.67,155.06,171.44,2025,-7.245455027296331,12.85953824326067,2.076528231451238,False,False,False
2025-11-09,PROD_010,Domyos BM900,Fitness,Banco Gimnasio,175,True,175.0,174.25,145.88,180.18,2025,0.430416068866571,19.9616122840691,-2.8749028749028787,False,False,False
2025-11-10,PROD_010,Domyos BM900,Fitness,Banco Gimnasio,175,True,175.0,185.3,144.07,158.63,2025,-5.558553696708047,21.46873047823975,10.319611674966907,False,False,False
2025-11-11,PROD_010,Domyos BM900,Fitness,Banco Gimnasio,175,True,175.0,185.23,155.32,171.27,2025,-5.52286346704097,12.670615503476698,2.177847842587721,False,False,False
2025-11-12,PROD_010,Domyos BM900,Fitness,Banco Gimnasio,175,True,175.0,199.97,162.54,165.6,2025,-12.486873030954643,7.665805340223949,5.676328502415463,False,False,False
2025-11-13,PROD_010,Domyos BM900,Fitness,Banco Gimnasio,175,True,175.0,184.3,159.19,176.43,2025,-5.0461204557786274,9.93152836233432,-0.8105197528764988,False,False,False
2025-11-14,PROD_010,Domyos BM900,Fitness,Banco Gimnasio,175,True,175.0,167.53,146.11,153.65,2025,4.458902883065719,19.77277393744438,13.895216400911156,False,False,False
2025-11-15,PROD_010,Domyos BM900,Fitness,Banco Gimnasio,175,True,175.0,182.67,162.58,162.17,2025,-4.198828488531225,7.639316029031853,7.911450946537592,False,False,False
2025-11-16,PROD_010,Domyos BM900,Fitness,Banco Gimnasio,175,True,175.0,165.38,143.56,181.93,2025,5.816906518321444,21.900250766230144,-3.8091573682185493,False,False,False
2025-11-17,PROD_010,Domyos BM900,Fitness,Banco Gimnasio,175,True,175.0,183.92,148.59,183.24,2025,-4.849934754240968,17.773739820983913,-4.496834752237508,False,False,False
2025-11-18,PROD_010,Domyos BM900,Fitness,Banco Gimnasio,175,True,175.0,175.12,150.78,176.8,2025,-0.06852444038373946,16.063138347260907,-1.0180995475113186,False,False,False
2025-11-19,PROD_010,Domyos BM900,Fitness,Banco Gimnasio,175,True,175.0,177.41,155.59,163.22,2025,-1.3584352629502263,12.475094800437043,7.217252787648573,False,False,False
2025-11-20,PROD_010,Domyos BM900,Fitness,Banco Gimnasio,175,True,175.0,179.55,151.47,166.82,2025,-2.534113060428856,15.534429259919458,4.903488790312916,False,False,False
2025-11-21,PROD_010,Domyos BM900,Fitness,Banco Gimnasio,175,True,175.0,185.33,161.16,158.03,2025,-5.573841256137706,8.587738893025566,10.738467379611466,False,False,False
2025-11-22,PROD_010,Domyos BM900,Fitness,Banco Gimnasio,175,True,175.0,174.49,151.8,173.62,2025,0.2922803599060066,15.283267457180491,0.7948393042276208,False,False,False
2025-11-23,PROD_010,Domyos BM900,Fitness,Banco Gimnasio,175,True,175.0,187.52,156.95,163.81,2025,-6.676621160409561,11.500477859190832,6.831084793358157,False,False,False
2025-11-24,PROD_010,Domyos BM900,Fitness,Banco Gimnasio,175,True,175.0,171.67,152.64,184.47,2025,1.939768159841564,14.648846960167724,-5.133626063858621,False,False,False
2025-11-25,PROD_010,Domyos BM900,Fitness,Banco Gimnasio,175,True,175.0,178.11,151.01,170.17,2025,-1.746111953287302,15.886365141381372,2.838338132455787,False,False,False
2025-11-26,PROD_010,Domyos BM900,Fitness,Banco Gimnasio,175,True,175.0,173.15,151.19,174.56,2025,1.0684377707190265,15.748396057940342,0.25206232813932045,False,False,False
2025-11-27,PROD_010,Domyos BM900,Fitness,Banco Gimnasio,175,True,175.0,176.94,144.38,157.37,2025,-1.0964168644738317,21.207923535115672,11.202897629789664,False,False,False
2025-11-28,PROD_010,Domyos BM900,Fitness,Banco Gimnasio,175,True,148.75,184.16,151.84,163.84,2025,-19.227845351867938,-2.035036880927294,-9.210205078125002,True,False,False
2025-11-29,PROD_010,Domyos BM900,Fitness,Banco Gimnasio,175,True,175.0,187.85,149.64,172.02,2025,-6.8405642800106445,16.94734028334671,1.732356702708981,False,False,False
2025-11-30,PROD_010,Domyos BM900,Fitness,Banco Gimnasio,175,True,175.0,176.95,154.96,185.32,2025,-1.1020062164453173,12.932369643779035,-5.5687459529462515,False,False,False
2025-11-01,PROD_011,Reebok Professional Deck,Fitness,Esterilla Fitness,45,False,44.22,47.31,39.68,45.16,2025,-6.531388712745727,11.441532258064514,-2.081488042515496,False,False,True
2025-11-02,PROD_011,Reebok Professional Deck,Fitness,Esterilla Fitness,45,False,44.72,43.5,40.48,45.15,2025,2.8045977011494228,10.474308300395263,-0.9523809523809518,False,False,False
2025-11-03,PROD_011,Reebok Professional Deck,Fitness,Esterilla Fitness,45,False,45.67,43.81,41.72,47.58,2025,4.245606026021455,9.467881112176421,-4.014291719209745,False,False,False
2025-11-04,PROD_011,Reebok Professional Deck,Fitness,Esterilla Fitness,45,False,45.33,44.87,38.7,44.25,2025,1.0251838644974391,17.131782945736422,2.440677966101691,False,False,False
2025-11-05,PROD_011,Reebok Professional Deck,Fitness,Esterilla Fitness,45,False,45.89,41.9,37.98,45.68,2025,9.522673031026258,20.826750921537663,0.4597197898423837,False,False,False
2025-11-06,PROD_011,Reebok Professional Deck,Fitness,Esterilla Fitness,45,False,45.35,43.93,42.81,47.15,2025,3.2324152060095646,5.9331931791637444,-3.8176033934252325,False,False,False
2025-11-07,PROD_011,Reebok Professional Deck,Fitness,Esterilla Fitness,45,False,44.59,46.41,41.03,48.06,2025,-3.9215686274509656,8.676578113575438,-7.2201414898044085,False,False,False
2025-11-08,PROD_011,Reebok Professional Deck,Fitness,Esterilla Fitness,45,False,44.82,42.71,42.48,44.59,2025,4.940295012877545,5.508474576271195,0.5158107198923455,False,False,False
2025-11-09,PROD_011,Reebok Professional Deck,Fitness,Esterilla Fitness,45,False,44.51,42.32,43.27,44.8,2025,5.174858223062376,2.8657268315229834,-0.6473214285714267,False,False,False
2025-11-10,PROD_011,Reebok Professional Deck,Fitness,Esterilla Fitness,45,False,45.84,47.41,41.57,44.55,2025,-3.311537650284736,10.271830647101282,2.89562289562291,False,False,False
2025-11-11,PROD_011,Reebok Professional Deck,Fitness,Esterilla Fitness,45,False,45.5,46.23,41.83,46.02,2025,-1.5790612156608197,8.77360745876166,-1.1299435028248654,False,False,False
2025-11-12,PROD_011,Reebok Professional Deck,Fitness,Esterilla Fitness,45,False,44.34,47.86,42.99,45.77,2025,-7.354784788967815,3.1402651779483635,-3.124317238365741,False,False,False
2025-11-13,PROD_011,Reebok Professional Deck,Fitness,Esterilla Fitness,45,False,44.97,43.56,43.79,44.87,2025,3.236914600550956,2.694679150490979,0.222866057499446,False,False,False
2025-11-14,PROD_011,Reebok Professional Deck,Fitness,Esterilla Fitness,45,False,44.22,41.93,38.86,45.89,2025,5.461483424755543,13.793103448275861,-3.6391370668991105,False,False,False
2025-11-15,PROD_011,Reebok Professional Deck,Fitness,Esterilla Fitness,45,False,45.54,44.05,38.43,44.17,2025,3.382519863791151,18.501170960187352,3.101652705456186,False,False,False
2025-11-16,PROD_011,Reebok Professional Deck,Fitness,Esterilla Fitness,45,False,45.18,39.8,42.66,43.09,2025,13.5175879396985,5.9071729957805985,4.8503132977488885,False,False,False
2025-11-17,PROD_011,Reebok Professional Deck,Fitness,Esterilla Fitness,45,False,45.65,42.93,41.1,44.93,2025,6.3358956440717416,11.070559610705589,1.6024927665257043,False,False,False
2025-11-18,PROD_011,Reebok Professional Deck,Fitness,Esterilla Fitness,45,False,45.21,42.52,41.94,47.95,2025,6.326434619002816,7.7968526466380625,-5.714285714285718,False,False,False
2025-11-19,PROD_011,Reebok Professional Deck,Fitness,Esterilla Fitness,45,False,44.12,45.46,38.2,44.52,2025,-2.947646282446114,15.497382198952863,-0.8984725965858168,False,False,False
2025-11-20,PROD_011,Reebok Professional Deck,Fitness,Esterilla Fitness,45,False,44.16,43.54,40.91,43.7,2025,1.423977951309135,7.9442679051576635,1.052631578947354,False,False,False
2025-11-21,PROD_011,Reebok Professional Deck,Fitness,Esterilla Fitness,45,False,44.34,48.87,42.11,43.97,2025,-9.269490484960087,5.295654238898133,0.8414828292017389,False,False,False
2025-11-22,PROD_011,Reebok Professional Deck,Fitness,Esterilla Fitness,45,False,44.4,46.24,41.58,43.59,2025,-3.979238754325267,6.7821067821067835,1.8582243633860864,False,False,False
2025-11-23,PROD_011,Reebok Professional Deck,Fitness,Esterilla Fitness,45,False,45.37,45.14,40.23,46.12,2025,0.509525919361978,12.776534924185935,-1.6261925411968778,False,False,False
2025-11-24,PROD_011,Reebok Professional Deck,Fitness,Esterilla Fitness,45,False,45.39,45.85,40.33,46.78,2025,-1.0032715376226844,12.54649144557402,-2.971355280034204,False,False,False
2025-11-25,PROD_011,Reebok Professional Deck,Fitness,Esterilla Fitness,45,False,45.57,47.84,41.46,48.44,2025,-4.744983277591979,9.913169319826338,-5.924855491329475,False,False,False
2025-11-26,PROD_011,Reebok Professional Deck,Fitness,Esterilla Fitness,45,False,45.05,43.53,40.64,45.28,2025,3.4918447048012773,10.851377952755897,-0.5079505300353445,False,False,False
2025-11-27,PROD_011,Reebok Professional Deck,Fitness,Esterilla Fitness,45,False,44.21,43.61,40.47,44.39,2025,1.3758312313689554,9.241413392636526,-0.40549673349853504,False,False,False
2025-11-28,PROD_011,Reebok Professional Deck,Fitness,Esterilla Fitness,45,False,38.25,41.51,39.19,44.6,2025,-7.853529270055404,-2.398571064046945,-14.23766816143498,True,False,False
2025-11-29,PROD_011,Reebok Professional Deck,Fitness,Esterilla Fitness,45,False,45.0,47.43,43.69,45.67,2025,-5.123339658444022,2.998397802700852,-1.4670462010072294,False,False,False
2025-11-30,PROD_011,Reebok Professional Deck,Fitness,Esterilla Fitness,45,False,44.51,42.59,42.0,44.09,2025,4.508100493073478,5.976190476190472,0.9525969607620652,False,False,False
2025-11-01,PROD_012,Domyos Kit Mancuernas 20kg,Fitness,Pesas Casa,55,False,54.26,49.8,50.98,54.82,2025,8.955823293172694,6.433895645351121,-1.0215249908792454,False,False,True
2025-11-02,PROD_012,Domyos Kit Mancuernas 20kg,Fitness,Pesas Casa,55,False,54.47,51.06,52.3,54.03,2025,6.678417547982758,4.1491395793499075,0.8143623912641084,False,False,False
2025-11-03,PROD_012,Domyos Kit Mancuernas 20kg,Fitness,Pesas Casa,55,False,56.03,55.72,47.76,54.43,2025,0.5563531945441534,17.31574539363485,2.939555392246925,False,False,False
2025-11-04,PROD_012,Domyos Kit Mancuernas 20kg,Fitness,Pesas Casa,55,False,54.06,54.96,48.22,57.07,2025,-1.6375545851528357,12.111157196184163,-5.274224636411421,False,False,False
2025-11-05,PROD_012,Domyos Kit Mancuernas 20kg,Fitness,Pesas Casa,55,False,54.85,53.34,51.44,52.1,2025,2.8308961379827484,6.6290824261275345,5.278310940499041,False,False,False
2025-11-06,PROD_012,Domyos Kit Mancuernas 20kg,Fitness,Pesas Casa,55,False,55.45,53.75,49.78,54.33,2025,3.162790697674424,11.39011651265569,2.06147616418186,False,False,False
2025-11-07,PROD_012,Domyos Kit Mancuernas 20kg,Fitness,Pesas Casa,55,False,55.76,60.64,50.97,57.7,2025,-8.047493403693935,9.397684912693741,-3.36221837088389,False,False,False
2025-11-08,PROD_012,Domyos Kit Mancuernas 20kg,Fitness,Pesas Casa,55,False,55.81,54.0,50.03,54.85,2025,3.3518518518518556,11.553068159104539,1.7502278942570664,False,False,False
2025-11-09,PROD_012,Domyos Kit Mancuernas 20kg,Fitness,Pesas Casa,55,False,55.07,54.63,50.14,52.85,2025,0.8054182683507188,9.832469086557637,4.200567644276251,False,False,False
2025-11-10,PROD_012,Domyos Kit Mancuernas 20kg,Fitness,Pesas Casa,55,False,55.95,54.96,47.03,56.9,2025,1.8013100436681257,18.96661705294493,-1.669595782073806,False,False,False
2025-11-11,PROD_012,Domyos Kit Mancuernas 20kg,Fitness,Pesas Casa,55,False,54.9,55.72,46.85,61.11,2025,-1.4716439339554923,17.182497331910344,-10.162002945508101,False,False,False
2025-11-12,PROD_012,Domyos Kit Mancuernas 20kg,Fitness,Pesas Casa,55,False,55.37,57.89,48.62,56.27,2025,-4.353083434099158,13.883175647881533,-1.5994313133108329,False,False,False
2025-11-13,PROD_012,Domyos Kit Mancuernas 20kg,Fitness,Pesas Casa,55,False,56.03,51.75,50.82,53.64,2025,8.270531400966185,10.251869342778436,4.455630126771068,False,False,False
2025-11-14,PROD_012,Domyos Kit Mancuernas 20kg,Fitness,Pesas Casa,55,False,54.88,54.2,50.72,56.81,2025,1.2546125461254607,8.201892744479503,-3.3972892096461886,False,False,False
2025-11-15,PROD_012,Domyos Kit Mancuernas 20kg,Fitness,Pesas Casa,55,False,55.98,56.15,50.31,59.17,2025,-0.30276046304541715,11.270125223613585,-5.391245563630226,False,False,False
2025-11-16,PROD_012,Domyos Kit Mancuernas 20kg,Fitness,Pesas Casa,55,False,55.26,55.31,52.11,57.3,2025,-0.09039956608209052,6.044905008635576,-3.5602094240837685,False,False,False
2025-11-17,PROD_012,Domyos Kit Mancuernas 20kg,Fitness,Pesas Casa,55,False,54.37,58.11,48.54,58.39,2025,-6.436069523317848,12.010712814173875,-6.88474053776332,False,False,False
2025-11-18,PROD_012,Domyos Kit Mancuernas 20kg,Fitness,Pesas Casa,55,False,55.33,55.6,49.1,54.86,2025,-0.4856115107913725,12.688391038696532,0.8567262121764471,False,False,False
2025-11-19,PROD_012,Domyos Kit Mancuernas 20kg,Fitness,Pesas Casa,55,False,55.82,55.67,50.93,57.98,2025,0.2694449434165593,9.601413705085413,-3.7254225595032713,False,False,False
2025-11-20,PROD_012,Domyos Kit Mancuernas 20kg,Fitness,Pesas Casa,55,False,55.52,54.05,51.97,57.47,2025,2.7197039777983463,6.830863959976918,-3.3930746476422406,False,False,False
2025-11-21,PROD_012,Domyos Kit Mancuernas 20kg,Fitness,Pesas Casa,55,False,55.68,51.25,51.56,56.32,2025,8.643902439024389,7.9906904577191575,-1.1363636363636374,False,False,False
2025-11-22,PROD_012,Domyos Kit Mancuernas 20kg,Fitness,Pesas Casa,55,False,54.86,54.31,50.57,54.64,2025,1.0127048425704237,8.483290488431875,0.4026354319180067,False,False,False
2025-11-23,PROD_012,Domyos Kit Mancuernas 20kg,Fitness,Pesas Casa,55,False,54.61,54.78,48.23,51.58,2025,-0.3103322380430845,13.22828115280946,5.874369910818149,False,False,False
2025-11-24,PROD_012,Domyos Kit Mancuernas 20kg,Fitness,Pesas Casa,55,False,55.43,51.92,46.77,53.67,2025,6.760400616332815,18.51614282659824,3.279299422396121,False,False,False
2025-11-25,PROD_012,Domyos Kit Mancuernas 20kg,Fitness,Pesas Casa,55,False,54.4,50.98,50.64,53.54,2025,6.708513142408791,7.4249605055292225,1.6062756817332824,False,False,False
2025-11-26,PROD_012,Domyos Kit Mancuernas 20kg,Fitness,Pesas Casa,55,False,55.37,52.78,54.12,57.04,2025,4.907161803713521,2.309682187730968,-2.9277699859747575,False,False,False
2025-11-27,PROD_012,Domyos Kit Mancuernas 20kg,Fitness,Pesas Casa,55,False,55.04,53.82,49.6,54.96,2025,2.2668153102935693,10.967741935483865,0.14556040756913807,False,False,False
2025-11-28,PROD_012,Domyos Kit Mancuernas 20kg,Fitness,Pesas Casa,55,False,46.75,48.87,50.5,58.27,2025,-4.338039697155714,-7.425742574257425,-19.7700360391282,True,False,False
2025-11-29,PROD_012,Domyos Kit Mancuernas 20kg,Fitness,Pesas Casa,55,False,55.24,56.67,51.32,54.47,2025,-2.5233809775895533,7.638347622759162,1.4136221773453335,False,False,False
2025-11-30,PROD_012,Domyos Kit Mancuernas 20kg,Fitness,Pesas Casa,55,False,55.94,55.85,49.1,54.41,2025,0.16114592658907126,13.930753564154777,2.8119830913435053,False,False,False
2025-11-01,PROD_013,Decathlon Bandas Elásticas Set,Fitness,Bandas Elásticas,25,False,25.4,23.13,22.22,24.26,2025,9.814094249891914,14.311431143114312,4.699093157460829,False,False,True
2025-11-02,PROD_013,Decathlon Bandas Elásticas Set,Fitness,Bandas Elásticas,25,False,25.32,26.08,24.17,24.16,2025,-2.9141104294478453,4.757964418700863,4.801324503311259,False,False,False
2025-11-03,PROD_013,Decathlon Bandas Elásticas Set,Fitness,Bandas Elásticas,25,False,24.6,23.69,24.42,23.81,2025,3.841283241874209,0.7371007371007359,3.317933641327185,False,False,False
2025-11-04,PROD_013,Decathlon Bandas Elásticas Set,Fitness,Bandas Elásticas,25,False,25.24,25.27,22.48,25.4,2025,-0.11871784724970771,12.277580071174368,-0.6299212598425202,False,False,False
2025-11-05,PROD_013,Decathlon Bandas Elásticas Set,Fitness,Bandas Elásticas,25,False,24.6,24.9,22.64,25.89,2025,-1.2048192771084223,8.65724381625442,-4.982618771726532,False,False,False
2025-11-06,PROD_013,Decathlon Bandas Elásticas Set,Fitness,Bandas Elásticas,25,False,24.73,27.89,23.89,23.33,2025,-11.330225887414844,3.5161155295102544,6.000857265323627,False,False,False
2025-11-07,PROD_013,Decathlon Bandas Elásticas Set,Fitness,Bandas Elásticas,25,False,25.0,23.73,24.03,26.58,2025,5.351875263379687,4.036620890553469,-5.944319036869821,False,False,False
2025-11-08,PROD_013,Decathlon Bandas Elásticas Set,Fitness,Bandas Elásticas,25,False,25.19,24.08,22.99,24.44,2025,4.60963455149503,9.569377990430635,3.06873977086743,False,False,False
2025-11-09,PROD_013,Decathlon Bandas Elásticas Set,Fitness,Bandas Elásticas,25,False,25.08,24.32,22.6,24.4,2025,3.1249999999999916,10.973451327433615,2.7868852459016384,False,False,False
2025-11-10,PROD_013,Decathlon Bandas Elásticas Set,Fitness,Bandas Elásticas,25,False,24.73,23.44,22.3,24.77,2025,5.503412969283272,10.896860986547084,-0.16148566814694854,False,False,False
2025-11-11,PROD_013,Decathlon Bandas Elásticas Set,Fitness,Bandas Elásticas,25,False,25.02,25.16,21.55,25.28,2025,-0.5564387917329116,16.102088167053356,-1.028481012658234,False,False,False
2025-11-12,PROD_013,Decathlon Bandas Elásticas Set,Fitness,Bandas Elásticas,25,False,25.03,25.99,21.84,23.77,2025,-3.6937283570603974,14.606227106227113,5.300799326882632,False,False,False
2025-11-13,PROD_013,Decathlon Bandas Elásticas Set,Fitness,Bandas Elásticas,25,False,25.17,27.15,23.08,24.28,2025,-7.292817679558,9.05545927209707,3.6655683690280085,False,False,False
2025-11-14,PROD_013,Decathlon Bandas Elásticas Set,Fitness,Bandas Elásticas,25,False,25.06,24.77,21.99,25.57,2025,1.1707710940653984,13.960891314233745,-1.9945248337896033,False,False,False
2025-11-15,PROD_013,Decathlon Bandas Elásticas Set,Fitness,Bandas Elásticas,25,False,25.04,24.69,22.05,24.25,2025,1.4175779667881647,13.56009070294784,3.257731958762883,False,False,False
2025-11-16,PROD_013,Decathlon Bandas Elásticas Set,Fitness,Bandas Elásticas,25,False,25.16,26.55,22.34,23.6,2025,-5.235404896421848,12.623097582811102,6.610169491525418,False,False,False
2025-11-17,PROD_013,Decathlon Bandas Elásticas Set,Fitness,Bandas Elásticas,25,False,24.65,26.51,22.87,27.2,2025,-7.016220294228603,7.783121993878432,-9.375000000000004,False,False,False
2025-11-18,PROD_013,Decathlon Bandas Elásticas Set,Fitness,Bandas Elásticas,25,False,24.59,25.38,22.35,25.31,2025,-3.1126871552403435,10.022371364653235,-2.844725404978265,False,False,False
2025-11-19,PROD_013,Decathlon Bandas Elásticas Set,Fitness,Bandas Elásticas,25,False,25.33,25.82,23.5,24.2,2025,-1.8977536793183654,7.787234042553185,4.669421487603302,False,False,False
2025-11-20,PROD_013,Decathlon Bandas Elásticas Set,Fitness,Bandas Elásticas,25,False,24.59,23.01,22.82,25.64,2025,6.866579747935672,7.756354075372478,-4.095163806552264,False,False,False
2025-11-21,PROD_013,Decathlon Bandas Elásticas Set,Fitness,Bandas Elásticas,25,False,24.81,23.32,21.08,25.33,2025,6.389365351629496,17.69449715370019,-2.052901697591787,False,False,False
2025-11-22,PROD_013,Decathlon Bandas Elásticas Set,Fitness,Bandas Elásticas,25,False,25.42,28.28,22.95,24.96,2025,-10.113154172560112,10.76252723311548,1.8429487179487214,False,False,False
2025-11-23,PROD_013,Decathlon Bandas Elásticas Set,Fitness,Bandas Elásticas,25,False,25.35,24.96,22.68,25.84,2025,1.562500000000002,11.772486772486781,-1.896284829721356,False,False,False
2025-11-24,PROD_013,Decathlon Bandas Elásticas Set,Fitness,Bandas Elásticas,25,False,25.37,24.44,23.2,25.54,2025,3.8052373158756128,9.353448275862076,-0.6656225528582543,False,False,False
2025-11-25,PROD_013,Decathlon Bandas Elásticas Set,Fitness,Bandas Elásticas,25,False,24.8,24.6,22.17,25.48,2025,0.8130081300812979,11.862877762742439,-2.6687598116169533,False,False,False
2025-11-26,PROD_013,Decathlon Bandas Elásticas Set,Fitness,Bandas Elásticas,25,False,24.85,23.6,22.79,25.12,2025,5.296610169491525,9.03905221588417,-1.0748407643312083,False,False,False
2025-11-27,PROD_013,Decathlon Bandas Elásticas Set,Fitness,Bandas Elásticas,25,False,25.32,24.81,23.39,26.3,2025,2.055622732769051,8.251389482684907,-3.7262357414448686,False,False,False
2025-11-28,PROD_013,Decathlon Bandas Elásticas Set,Fitness,Bandas Elásticas,25,False,21.25,20.72,22.12,23.86,2025,2.5579150579150634,-3.933092224231469,-10.938809723386418,True,False,False
2025-11-29,PROD_013,Decathlon Bandas Elásticas Set,Fitness,Bandas Elásticas,25,False,24.57,23.47,22.8,25.47,2025,4.686834256497663,7.76315789473684,-3.533568904593634,False,False,False
2025-11-30,PROD_013,Decathlon Bandas Elásticas Set,Fitness,Bandas Elásticas,25,False,25.47,22.36,22.25,22.17,2025,13.908765652951697,14.471910112359545,14.884979702300392,False,False,False
2025-11-01,PROD_014,Sveltus Kettlebell 12kg,Fitness,Pesa Rusa,40,False,39.22,40.48,35.36,39.73,2025,-3.1126482213438686,10.91628959276018,-1.2836647369745735,False,False,True
2025-11-02,PROD_014,Sveltus Kettlebell 12kg,Fitness,Pesa Rusa,40,False,40.08,42.58,36.38,39.73,2025,-5.871301080319399,10.170423309510708,0.8809463881198123,False,False,False
2025-11-03,PROD_014,Sveltus Kettlebell 12kg,Fitness,Pesa Rusa,40,False,39.44,38.17,38.01,38.53,2025,3.327220330102164,3.76216785056564,2.3617960031144474,False,False,False
2025-11-04,PROD_014,Sveltus Kettlebell 12kg,Fitness,Pesa Rusa,40,False,39.96,37.27,34.6,41.88,2025,7.217601287899107,15.491329479768783,-4.584527220630377,False,False,False
2025-11-05,PROD_014,Sveltus Kettlebell 12kg,Fitness,Pesa Rusa,40,False,40.63,39.67,37.98,38.16,2025,2.4199647088479983,6.97735650342287,6.472746331236913,False,False,False
2025-11-06,PROD_014,Sveltus Kettlebell 12kg,Fitness,Pesa Rusa,40,False,39.9,41.51,35.98,42.87,2025,-3.8785834738617186,10.89494163424125,-6.927921623512943,False,False,False
2025-11-07,PROD_014,Sveltus Kettlebell 12kg,Fitness,Pesa Rusa,40,False,40.25,38.85,36.92,40.92,2025,3.6036036036036,9.019501625135423,-1.6373411534701898,False,False,False
2025-11-08,PROD_014,Sveltus Kettlebell 12kg,Fitness,Pesa Rusa,40,False,40.18,40.17,35.65,40.43,2025,0.02489419965147625,12.706872370266483,-0.6183527083848627,False,False,False
2025-11-09,PROD_014,Sveltus Kettlebell 12kg,Fitness,Pesa Rusa,40,False,40.02,38.7,36.3,39.9,2025,3.4108527131782953,10.247933884297538,0.30075187969925954,False,False,False
2025-11-10,PROD_014,Sveltus Kettlebell 12kg,Fitness,Pesa Rusa,40,False,39.34,39.35,36.8,37.84,2025,-0.025412960609905996,6.902173913043495,3.964059196617336,False,False,False
2025-11-11,PROD_014,Sveltus Kettlebell 12kg,Fitness,Pesa Rusa,40,False,39.76,38.1,37.41,41.43,2025,4.356955380577419,6.281742849505484,-4.030895486362543,False,False,False
2025-11-12,PROD_014,Sveltus Kettlebell 12kg,Fitness,Pesa Rusa,40,False,39.5,42.56,37.46,41.2,2025,-7.189849624060156,5.44580886278697,-4.126213592233016,False,False,False
2025-11-13,PROD_014,Sveltus Kettlebell 12kg,Fitness,Pesa Rusa,40,False,40.2,38.54,35.04,39.05,2025,4.3072132848988165,14.726027397260285,2.9449423815621145,False,False,False
2025-11-14,PROD_014,Sveltus Kettlebell 12kg,Fitness,Pesa Rusa,40,False,39.39,42.85,37.26,40.42,2025,-8.074679113185534,5.716586151368768,-2.5482434438396857,False,False,False
2025-11-15,PROD_014,Sveltus Kettlebell 12kg,Fitness,Pesa Rusa,40,False,39.27,44.58,38.36,42.35,2025,-11.911170928667554,2.372262773722637,-7.272727272727268,False,False,False
2025-11-16,PROD_014,Sveltus Kettlebell 12kg,Fitness,Pesa Rusa,40,False,40.4,41.22,37.89,39.25,2025,-1.989325570111597,6.624439166006857,2.9299363057324803,False,False,False
2025-11-17,PROD_014,Sveltus Kettlebell 12kg,Fitness,Pesa Rusa,40,False,40.68,38.37,35.85,37.93,2025,6.020328381548091,13.47280334728033,7.250197732665437,False,False,False
2025-11-18,PROD_014,Sveltus Kettlebell 12kg,Fitness,Pesa Rusa,40,False,39.89,44.36,35.22,39.45,2025,-10.07664562669071,13.259511641113008,1.1153358681875734,False,False,False
2025-11-19,PROD_014,Sveltus Kettlebell 12kg,Fitness,Pesa Rusa,40,False,40.62,39.53,34.93,41.08,2025,2.757399443460653,16.28972230174634,-1.1197663096397295,False,False,False
2025-11-20,PROD_014,Sveltus Kettlebell 12kg,Fitness,Pesa Rusa,40,False,40.51,39.76,36.92,39.41,2025,1.8863179074446683,9.723726977248095,2.79116975386958,False,False,False
2025-11-21,PROD_014,Sveltus Kettlebell 12kg,Fitness,Pesa Rusa,40,False,40.55,43.43,37.67,40.82,2025,-6.63136081049966,7.645341120254832,-0.6614404703576755,False,False,False
2025-11-22,PROD_014,Sveltus Kettlebell 12kg,Fitness,Pesa Rusa,40,False,40.25,40.48,34.99,40.34,2025,-0.5681818181818105,15.03286653329522,-0.2231036192364983,False,False,False
2025-11-23,PROD_014,Sveltus Kettlebell 12kg,Fitness,Pesa Rusa,40,False,40.51,38.76,36.61,37.63,2025,4.514963880288958,10.65282709642174,7.653467977677372,False,False,False
2025-11-24,PROD_014,Sveltus Kettlebell 12kg,Fitness,Pesa Rusa,40,False,40.55,40.74,38.67,40.12,2025,-0.4663721158566638,4.86164985777087,1.071784646061814,False,False,False
2025-11-25,PROD_014,Sveltus Kettlebell 12kg,Fitness,Pesa Rusa,40,False,39.68,45.49,38.8,40.66,2025,-12.772037810507808,2.268041237113409,-2.4102311854402285,False,False,False
2025-11-26,PROD_014,Sveltus Kettlebell 12kg,Fitness,Pesa Rusa,40,False,40.6,42.77,37.4,39.57,2025,-5.0736497545008215,8.556149732620328,2.602982057113978,False,False,False
2025-11-27,PROD_014,Sveltus Kettlebell 12kg,Fitness,Pesa Rusa,40,False,39.21,37.57,37.59,38.44,2025,4.365184988022359,4.309656823623296,2.0031217481789887,False,False,False
2025-11-28,PROD_014,Sveltus Kettlebell 12kg,Fitness,Pesa Rusa,40,False,34.0,38.05,37.47,39.13,2025,-10.643889618922465,-9.26074192687483,-13.110145668285208,True,False,False
2025-11-29,PROD_014,Sveltus Kettlebell 12kg,Fitness,Pesa Rusa,40,False,40.19,39.04,35.22,40.17,2025,2.9456967213114718,14.111300397501417,0.0497883993029525,False,False,False
2025-11-30,PROD_014,Sveltus Kettlebell 12kg,Fitness,Pesa Rusa,40,False,39.21,43.11,35.61,40.7,2025,-9.046624913013218,10.10951979780961,-3.6609336609336656,False,False,False
2025-11-01,PROD_015,Salomon Speedcross 5 GTX,Outdoor,Zapatillas Trail,150,True,150.0,146.88,142.99,143.31,2025,2.124183006535951,4.902440730120981,4.66820180029307,False,False,True
2025-11-02,PROD_015,Salomon Speedcross 5 GTX,Outdoor,Zapatillas Trail,150,True,150.0,146.67,143.89,130.77,2025,2.2704029453876133,4.246299256376409,14.705207616425778,False,False,False
2025-11-03,PROD_015,Salomon Speedcross 5 GTX,Outdoor,Zapatillas Trail,150,True,150.0,146.22,158.74,145.11,2025,2.5851456709068534,-5.505858636764526,3.3698573495968476,False,False,False
2025-11-04,PROD_015,Salomon Speedcross 5 GTX,Outdoor,Zapatillas Trail,150,True,150.0,147.09,138.11,134.81,2025,1.9783805833163346,8.609079719064502,11.267710110525924,False,False,False
2025-11-05,PROD_015,Salomon Speedcross 5 GTX,Outdoor,Zapatillas Trail,150,True,150.0,148.32,141.27,135.74,2025,1.1326860841423994,6.179655977914624,10.505377928392507,False,False,False
2025-11-06,PROD_015,Salomon Speedcross 5 GTX,Outdoor,Zapatillas Trail,150,True,150.0,140.61,140.9,149.02,2025,6.678045658203531,6.458481192334984,0.6576298483424975,False,False,False
2025-11-07,PROD_015,Salomon Speedcross 5 GTX,Outdoor,Zapatillas Trail,150,True,150.0,128.88,149.29,141.97,2025,16.387337057728125,0.4755844329827905,5.656124533352117,False,False,False
2025-11-08,PROD_015,Salomon Speedcross 5 GTX,Outdoor,Zapatillas Trail,150,True,150.0,151.17,145.92,141.69,2025,-0.7739630879142605,2.7960526315789562,5.864916366716072,False,False,False
2025-11-09,PROD_015,Salomon Speedcross 5 GTX,Outdoor,Zapatillas Trail,150,True,150.0,147.81,155.22,142.24,2025,1.4816318246397386,-3.362968689601855,5.455568053993244,False,False,False
2025-11-10,PROD_015,Salomon Speedcross 5 GTX,Outdoor,Zapatillas Trail,150,True,150.0,137.39,148.82,140.1,2025,9.178251692262911,0.7929041795457645,7.066381156316921,False,False,False
2025-11-11,PROD_015,Salomon Speedcross 5 GTX,Outdoor,Zapatillas Trail,150,True,150.0,137.02,150.64,141.36,2025,9.473069624872272,-0.42485395645246044,6.112054329371806,False,False,False
2025-11-12,PROD_015,Salomon Speedcross 5 GTX,Outdoor,Zapatillas Trail,150,True,150.0,136.15,154.21,129.09,2025,10.172603745868523,-2.730043447247265,16.198001394376014,False,False,False
2025-11-13,PROD_015,Salomon Speedcross 5 GTX,Outdoor,Zapatillas Trail,150,True,150.0,134.59,138.71,146.62,2025,11.449587636525742,8.13928339701535,2.30527895239394,False,False,False
2025-11-14,PROD_015,Salomon Speedcross 5 GTX,Outdoor,Zapatillas Trail,150,True,150.0,140.49,155.94,148.14,2025,6.769165065129183,-3.8091573682185444,1.2555690562981057,False,False,False
2025-11-15,PROD_015,Salomon Speedcross 5 GTX,Outdoor,Zapatillas Trail,150,True,150.0,145.83,146.39,132.65,2025,2.8594939312898493,2.4660154382130024,13.079532604598562,False,False,False
2025-11-16,PROD_015,Salomon Speedcross 5 GTX,Outdoor,Zapatillas Trail,150,True,150.0,153.7,148.54,141.89,2025,-2.40728692257644,0.9829002288945793,5.715695256889149,False,False,False
2025-11-17,PROD_015,Salomon Speedcross 5 GTX,Outdoor,Zapatillas Trail,150,True,150.0,146.07,142.52,136.72,2025,2.6904908605463183,5.248386191411724,9.713282621416033,False,False,False
2025-11-18,PROD_015,Salomon Speedcross 5 GTX,Outdoor,Zapatillas Trail,150,True,150.0,145.81,142.97,138.67,2025,2.873602633564226,4.9171154787717715,8.170476671233875,False,False,False
2025-11-19,PROD_015,Salomon Speedcross 5 GTX,Outdoor,Zapatillas Trail,150,True,150.0,139.7,158.15,134.11,2025,7.372942018611319,-5.153335441036994,11.848482588919532,False,False,False
2025-11-20,PROD_015,Salomon Speedcross 5 GTX,Outdoor,Zapatillas Trail,150,True,150.0,145.07,147.23,139.96,2025,3.3983594126973236,1.8814100387149428,7.173478136610455,False,False,False
2025-11-21,PROD_015,Salomon Speedcross 5 GTX,Outdoor,Zapatillas Trail,150,True,150.0,150.24,153.04,135.2,2025,-0.15974440894569295,-1.9864087820177683,10.946745562130186,False,False,False
2025-11-22,PROD_015,Salomon Speedcross 5 GTX,Outdoor,Zapatillas Trail,150,True,150.0,147.57,143.4,143.87,2025,1.646676153689779,4.602510460251042,4.260790991867655,False,False,False
2025-11-23,PROD_015,Salomon Speedcross 5 GTX,Outdoor,Zapatillas Trail,150,True,150.0,145.6,164.85,147.08,2025,3.0219780219780263,-9.008189262966331,1.9853141147674649,False,False,False
2025-11-24,PROD_015,Salomon Speedcross 5 GTX,Outdoor,Zapatillas Trail,150,True,150.0,140.56,138.95,136.34,2025,6.715993170176435,7.952500899604183,10.0190699721285,False,False,False
2025-11-25,PROD_015,Salomon Speedcross 5 GTX,Outdoor,Zapatillas Trail,150,True,150.0,138.6,145.0,138.72,2025,8.22510822510823,3.4482758620689653,8.131487889273357,False,False,False
2025-11-26,PROD_015,Salomon Speedcross 5 GTX,Outdoor,Zapatillas Trail,150,True,150.0,133.92,155.9,136.38,2025,12.007168458781372,-3.7844772289929476,9.986801583809948,False,False,False
2025-11-27,PROD_015,Salomon Speedcross 5 GTX,Outdoor,Zapatillas Trail,150,True,150.0,146.53,140.65,149.84,2025,2.3681157442162006,6.647707074297898,0.10678056593699718,False,False,False
2025-11-28,PROD_015,Salomon Speedcross 5 GTX,Outdoor,Zapatillas Trail,150,True,127.5,138.2,148.52,130.33,2025,-7.742402315484798,-14.152976030164293,-2.1714110335302785,True,False,False
2025-11-29,PROD_015,Salomon Speedcross 5 GTX,Outdoor,Zapatillas Trail,150,True,150.0,137.14,145.77,128.51,2025,9.37727869330612,2.901831652603409,16.72243405182477,False,False,False
2025-11-30,PROD_015,Salomon Speedcross 5 GTX,Outdoor,Zapatillas Trail,150,True,150.0,138.02,164.32,142.78,2025,8.679901463555998,-8.714703018500483,5.056730634542652,False,False,False
2025-11-01,PROD_016,Trek Marlin 7,Outdoor,Bicicleta Montaña,830,True,830.0,823.61,719.37,850.89,2025,0.7758526487050893,15.378734170176681,-2.4550764493647814,False,False,True
2025-11-02,PROD_016,Trek Marlin 7,Outdoor,Bicicleta Montaña,830,True,830.0,797.79,740.68,840.54,2025,4.037403326689986,12.059188853485994,-1.253955790325263,False,False,False
2025-11-03,PROD_016,Trek Marlin 7,Outdoor,Bicicleta Montaña,830,True,830.0,726.77,715.19,832.28,2025,14.203943475927739,16.05307680476516,-0.27394626808285344,False,False,False
2025-11-04,PROD_016,Trek Marlin 7,Outdoor,Bicicleta Montaña,830,True,830.0,820.95,750.95,766.18,2025,1.1023813874170114,10.526666222784465,8.329635333733593,False,False,False
2025-11-05,PROD_016,Trek Marlin 7,Outdoor,Bicicleta Montaña,830,True,830.0,761.24,725.34,884.18,2025,9.03263097052178,14.42909532081506,-6.127711551946431,False,False,False
2025-11-06,PROD_016,Trek Marlin 7,Outdoor,Bicicleta Montaña,830,True,830.0,724.77,732.95,816.34,2025,14.519088814382497,13.241012347363387,1.673322390180558,False,False,False
2025-11-07,PROD_016,Trek Marlin 7,Outdoor,Bicicleta Montaña,830,True,830.0,790.1,726.44,802.27,2025,5.049993671687125,14.255822917240232,3.4564423448465007,False,False,False
2025-11-08,PROD_016,Trek Marlin 7,Outdoor,Bicicleta Montaña,830,True,830.0,771.65,740.89,856.51,2025,7.5617183956456975,12.02742647356558,-3.0951185625386737,False,False,False
2025-11-09,PROD_016,Trek Marlin 7,Outdoor,Bicicleta Montaña,830,True,830.0,778.9,716.64,814.06,2025,6.560534086532292,15.818263005135078,1.9580866275213198,False,False,False
2025-11-10,PROD_016,Trek Marlin 7,Outdoor,Bicicleta Montaña,830,True,830.0,835.7,779.27,804.27,2025,-0.6820629412468643,6.5099387888665055,3.1991744066047496,False,False,False
2025-11-11,PROD_016,Trek Marlin 7,Outdoor,Bicicleta Montaña,830,True,830.0,834.77,782.9,893.91,2025,-0.5714148807455924,6.01609400945204,-7.149489322191268,False,False,False
2025-11-12,PROD_016,Trek Marlin 7,Outdoor,Bicicleta Montaña,830,True,830.0,849.3,790.75,791.44,2025,-2.2724596726716064,4.963642111919064,4.872131810370963,False,False,False
2025-11-13,PROD_016,Trek Marlin 7,Outdoor,Bicicleta Montaña,830,True,830.0,792.06,721.95,875.28,2025,4.7900411584981,14.966410416233805,-5.173201718307282,False,False,False
2025-11-14,PROD_016,Trek Marlin 7,Outdoor,Bicicleta Montaña,830,True,830.0,782.2,806.79,753.64,2025,6.110969061621063,2.8768328809231694,10.132158590308373,False,False,False
2025-11-15,PROD_016,Trek Marlin 7,Outdoor,Bicicleta Montaña,830,True,830.0,775.28,711.71,787.93,2025,7.058095139820455,16.620533644321416,5.339306791212424,False,False,False
2025-11-16,PROD_016,Trek Marlin 7,Outdoor,Bicicleta Montaña,830,True,830.0,791.25,820.04,857.37,2025,4.897314375987362,1.2145748987854297,-3.1923207016807216,False,False,False
2025-11-17,PROD_016,Trek Marlin 7,Outdoor,Bicicleta Montaña,830,True,830.0,745.94,699.31,849.35,2025,11.26900286886344,18.688421443994805,-2.278212750927182,False,False,False
2025-11-18,PROD_016,Trek Marlin 7,Outdoor,Bicicleta Montaña,830,True,830.0,808.06,689.08,833.46,2025,2.715144914981568,20.450455680037145,-0.4151368991913273,False,False,False
2025-11-19,PROD_016,Trek Marlin 7,Outdoor,Bicicleta Montaña,830,True,830.0,811.28,708.34,832.9,2025,2.307464747066368,17.175367761244594,-0.3481810541481543,False,False,False
2025-11-20,PROD_016,Trek Marlin 7,Outdoor,Bicicleta Montaña,830,True,830.0,855.73,779.75,797.38,2025,-3.0067895247332705,6.444373196537352,4.090897689934536,False,False,False
2025-11-21,PROD_016,Trek Marlin 7,Outdoor,Bicicleta Montaña,830,True,830.0,803.53,820.04,818.46,2025,3.294214279491746,1.2145748987854297,1.4099650563252895,False,False,False
2025-11-22,PROD_016,Trek Marlin 7,Outdoor,Bicicleta Montaña,830,True,830.0,831.13,763.42,888.8,2025,-0.13595947685680884,8.721280553299632,-6.615661566156611,False,False,False
2025-11-23,PROD_016,Trek Marlin 7,Outdoor,Bicicleta Montaña,830,True,830.0,840.2,730.41,769.84,2025,-1.213996667460134,13.634807847647219,7.814610828224041,False,False,False
2025-11-24,PROD_016,Trek Marlin 7,Outdoor,Bicicleta Montaña,830,True,830.0,768.96,677.28,808.66,2025,7.9379941739492255,22.549019607843142,2.638933544382068,False,False,False
2025-11-25,PROD_016,Trek Marlin 7,Outdoor,Bicicleta Montaña,830,True,830.0,769.63,802.34,727.91,2025,7.844028948975483,3.4474163073011397,14.025085518814146,False,False,False
2025-11-26,PROD_016,Trek Marlin 7,Outdoor,Bicicleta Montaña,830,True,830.0,765.06,774.03,829.35,2025,8.488223145897061,7.230985879100298,0.07837463073491015,False,False,False
2025-11-27,PROD_016,Trek Marlin 7,Outdoor,Bicicleta Montaña,830,True,830.0,703.01,809.21,819.67,2025,18.063754427390794,2.569172402713753,1.2602632766845245,False,False,False
2025-11-28,PROD_016,Trek Marlin 7,Outdoor,Bicicleta Montaña,830,True,705.5,727.16,732.98,747.2,2025,-2.9787117003135446,-3.749079101749027,-5.5808351177730255,True,False,False
2025-11-29,PROD_016,Trek Marlin 7,Outdoor,Bicicleta Montaña,830,True,830.0,744.12,700.42,770.41,2025,11.541149276998333,18.500328374403935,7.734842486468249,False,False,False
2025-11-30,PROD_016,Trek Marlin 7,Outdoor,Bicicleta Montaña,830,True,830.0,757.9,771.23,851.27,2025,9.513128381052912,7.620294853675295,-2.4986197093754017,False,False,False
2025-11-01,PROD_017,The North Face Borealis,Outdoor,Mochila Trekking,95,False,95.07,88.71,86.24,91.85,2025,7.169428474805546,10.23886827458256,3.5057158410451814,False,False,True
2025-11-02,PROD_017,The North Face Borealis,Outdoor,Mochila Trekking,95,False,93.44,85.12,88.18,89.53,2025,9.774436090225555,5.965071444772047,4.367251200714841,False,False,False
2025-11-03,PROD_017,The North Face Borealis,Outdoor,Mochila Trekking,95,False,95.9,89.3,92.14,98.79,2025,7.390817469204937,4.080746689819844,-2.9253973074197797,False,False,False
2025-11-04,PROD_017,The North Face Borealis,Outdoor,Mochila Trekking,95,False,93.55,97.27,90.1,93.33,2025,-3.8244062917651886,3.829078801331857,0.23572270438229817,False,False,False
2025-11-05,PROD_017,The North Face Borealis,Outdoor,Mochila Trekking,95,False,94.56,103.73,91.24,92.67,2025,-8.84025836305794,3.6387549320473562,2.0394949821948853,False,False,False
2025-11-06,PROD_017,The North Face Borealis,Outdoor,Mochila Trekking,95,False,94.37,88.82,85.28,97.18,2025,6.2485926593109795,10.659005628517827,-2.891541469438158,False,False,False
2025-11-07,PROD_017,The North Face Borealis,Outdoor,Mochila Trekking,95,False,95.07,95.98,86.37,92.75,2025,-0.9481141904563564,10.072941993747815,2.5013477088948712,False,False,False
2025-11-08,PROD_017,The North Face Borealis,Outdoor,Mochila Trekking,95,False,96.42,86.47,85.73,95.86,2025,11.506880999190475,12.46938061355418,0.5841852701856898,False,False,False
2025-11-09,PROD_017,The North Face Borealis,Outdoor,Mochila Trekking,95,False,96.15,88.57,78.52,94.32,2025,8.558202551654073,22.452878247580248,1.9402035623409803,False,False,False
2025-11-10,PROD_017,The North Face Borealis,Outdoor,Mochila Trekking,95,False,94.76,103.17,89.39,97.2,2025,-8.151594455752639,6.007383376216584,-2.5102880658436186,False,False,False
2025-11-11,PROD_017,The North Face Borealis,Outdoor,Mochila Trekking,95,False,93.7,89.43,87.67,97.16,2025,4.774684110477464,6.878065472795712,-3.561136270069981,False,False,False
2025-11-12,PROD_017,The North Face Borealis,Outdoor,Mochila Trekking,95,False,96.74,100.47,83.98,91.23,2025,-3.71255101025182,15.19409383186472,6.039679929847628,False,False,False
2025-11-13,PROD_017,The North Face Borealis,Outdoor,Mochila Trekking,95,False,94.04,93.26,87.86,97.69,2025,0.836371434698693,7.033917596175741,-3.736308731702315,False,False,False
2025-11-14,PROD_017,The North Face Borealis,Outdoor,Mochila Trekking,95,False,94.81,90.39,85.28,94.37,2025,4.889921451487998,11.174953095684804,0.46624986754264885,False,False,False
2025-11-15,PROD_017,The North Face Borealis,Outdoor,Mochila Trekking,95,False,93.34,82.35,89.34,97.05,2025,13.345476624165162,4.477277815088426,-3.8227717671303387,False,False,False
2025-11-16,PROD_017,The North Face Borealis,Outdoor,Mochila Trekking,95,False,93.18,92.98,87.51,94.73,2025,0.2151000215100052,6.479259513198493,-1.6362292832260077,False,False,False
2025-11-17,PROD_017,The North Face Borealis,Outdoor,Mochila Trekking,95,False,95.23,86.63,85.27,97.26,2025,9.927276924852833,11.680544153864206,-2.087188977997122,False,False,False
2025-11-18,PROD_017,The North Face Borealis,Outdoor,Mochila Trekking,95,False,93.85,88.16,82.96,103.06,2025,6.454174228675134,13.126808100289297,-8.936541820298864,False,False,False
2025-11-19,PROD_017,The North Face Borealis,Outdoor,Mochila Trekking,95,False,96.79,86.37,90.15,91.79,2025,12.064374204006022,7.3655019412090965,5.447216472382612,False,False,False
2025-11-20,PROD_017,The North Face Borealis,Outdoor,Mochila Trekking,95,False,96.33,90.36,89.73,103.95,2025,6.606905710491366,7.355399531929114,-7.330447330447335,False,False,False
2025-11-21,PROD_017,The North Face Borealis,Outdoor,Mochila Trekking,95,False,93.54,96.51,88.79,95.05,2025,-3.077401305564189,5.3497015429665495,-1.5886375591793698,False,False,False
2025-11-22,PROD_017,The North Face Borealis,Outdoor,Mochila Trekking,95,False,95.17,92.56,86.56,91.45,2025,2.8197925669835775,9.946857670979666,4.06779661016949,False,False,False
2025-11-23,PROD_017,The North Face Borealis,Outdoor,Mochila Trekking,95,False,94.94,96.55,89.4,85.96,2025,-1.6675297773174516,6.196868008948537,10.446719404374132,False,False,False
2025-11-24,PROD_017,The North Face Borealis,Outdoor,Mochila Trekking,95,False,95.57,89.37,84.75,94.68,2025,6.937451046212363,12.766961651917397,0.9400084495141384,False,False,False
2025-11-25,PROD_017,The North Face Borealis,Outdoor,Mochila Trekking,95,False,95.05,93.47,90.76,92.11,2025,1.690381940729644,4.726751873071828,3.1918358484420777,False,False,False
2025-11-26,PROD_017,The North Face Borealis,Outdoor,Mochila Trekking,95,False,93.73,90.41,90.15,91.67,2025,3.672160159274425,3.971159179145866,2.2471910112359574,False,False,False
2025-11-27,PROD_017,The North Face Borealis,Outdoor,Mochila Trekking,95,False,95.07,95.98,86.07,93.37,2025,-0.9481141904563564,10.456605088881144,1.8207132912070136,False,False,False
2025-11-28,PROD_017,The North Face Borealis,Outdoor,Mochila Trekking,95,False,80.75,91.25,82.14,91.87,2025,-11.506849315068493,-1.6922327733138551,-12.104060084902583,True,False,False
2025-11-29,PROD_017,The North Face Borealis,Outdoor,Mochila Trekking,95,False,94.99,98.75,87.66,91.73,2025,-3.8075949367088664,8.361852612365958,3.5539082088738585,False,False,False
2025-11-30,PROD_017,The North Face Borealis,Outdoor,Mochila Trekking,95,False,96.22,100.88,85.16,87.87,2025,-4.619349722442503,12.987317989666513,9.502674405371565,False,False,False
2025-11-01,PROD_018,Columbia Silver Ridge,Outdoor,Ropa Montaña,70,False,69.12,68.51,64.55,70.53,2025,0.8903809662822936,7.079783113865233,-1.9991492981709862,False,False,True
2025-11-02,PROD_018,Columbia Silver Ridge,Outdoor,Ropa Montaña,70,False,70.11,66.18,66.35,73.14,2025,5.938349954669072,5.666917859834221,-4.142739950779329,False,False,False
2025-11-03,PROD_018,Columbia Silver Ridge,Outdoor,Ropa Montaña,70,False,69.89,69.35,63.8,63.99,2025,0.7786589762076515,9.545454545454552,9.220190654789809,False,False,False
2025-11-04,PROD_018,Columbia Silver Ridge,Outdoor,Ropa Montaña,70,False,70.92,66.2,62.94,71.92,2025,7.129909365558911,12.6787416587226,-1.3904338153503892,False,False,False
2025-11-05,PROD_018,Columbia Silver Ridge,Outdoor,Ropa Montaña,70,False,68.88,71.72,62.82,68.7,2025,-3.9598438371444553,9.6466093600764,0.2620087336244434,False,False,False
2025-11-06,PROD_018,Columbia Silver Ridge,Outdoor,Ropa Montaña,70,False,69.57,75.53,63.32,72.88,2025,-7.890904276446456,9.87049905243208,-4.5417124039517045,False,False,False
2025-11-07,PROD_018,Columbia Silver Ridge,Outdoor,Ropa Montaña,70,False,69.59,75.2,63.77,72.9,2025,-7.460106382978722,9.12654853379332,-4.540466392318248,False,False,False
2025-11-08,PROD_018,Columbia Silver Ridge,Outdoor,Ropa Montaña,70,False,71.34,66.54,64.66,66.72,2025,7.2137060414788055,10.330961954840715,6.924460431654683,False,False,False
2025-11-09,PROD_018,Columbia Silver Ridge,Outdoor,Ropa Montaña,70,False,70.52,74.01,63.15,71.1,2025,-4.715578975814092,11.67062549485352,-0.8157524613220792,False,False,False
2025-11-10,PROD_018,Columbia Silver Ridge,Outdoor,Ropa Montaña,70,False,70.94,72.88,61.2,70.08,2025,-2.661909989023049,15.915032679738554,1.2271689497716887,False,False,False
2025-11-11,PROD_018,Columbia Silver Ridge,Outdoor,Ropa Montaña,70,False,69.45,76.69,66.12,66.36,2025,-9.440605033250742,5.036297640653355,4.656419529837256,False,False,False
2025-11-12,PROD_018,Columbia Silver Ridge,Outdoor,Ropa Montaña,70,False,71.23,71.02,65.0,71.39,2025,0.29569135454802586,9.584615384615391,-0.22412102535368622,False,False,False
2025-11-13,PROD_018,Columbia Silver Ridge,Outdoor,Ropa Montaña,70,False,69.33,73.73,64.55,71.43,2025,-5.967720059677208,7.405112316034085,-2.939941201175988,False,False,False
2025-11-14,PROD_018,Columbia Silver Ridge,Outdoor,Ropa Montaña,70,False,70.17,69.29,61.97,72.6,2025,1.2700245345648655,13.232209133451676,-3.347107438016519,False,False,False
2025-11-15,PROD_018,Columbia Silver Ridge,Outdoor,Ropa Montaña,70,False,70.13,69.34,64.51,69.59,2025,1.139313527545417,8.71182762362423,0.7759735594194453,False,False,False
2025-11-16,PROD_018,Columbia Silver Ridge,Outdoor,Ropa Montaña,70,False,68.91,67.86,63.8,70.61,2025,1.5473032714411983,8.009404388714733,-2.407590992777231,False,False,False
2025-11-17,PROD_018,Columbia Silver Ridge,Outdoor,Ropa Montaña,70,False,69.38,70.45,63.09,71.68,2025,-1.5188076650106563,9.969884292280854,-3.2087053571428727,False,False,False
2025-11-18,PROD_018,Columbia Silver Ridge,Outdoor,Ropa Montaña,70,False,71.15,72.4,65.26,67.35,2025,-1.7265193370165743,9.025436714679742,5.64216778025243,False,False,False
2025-11-19,PROD_018,Columbia Silver Ridge,Outdoor,Ropa Montaña,70,False,70.92,73.64,65.35,68.76,2025,-3.6936447582835403,8.52333588370315,3.1413612565444975,False,False,False
2025-11-20,PROD_018,Columbia Silver Ridge,Outdoor,Ropa Montaña,70,False,68.92,71.08,67.8,69.18,2025,-3.0388294879009523,1.6519174041298004,-0.37583116507661907,False,False,False
2025-11-21,PROD_018,Columbia Silver Ridge,Outdoor,Ropa Montaña,70,False,68.63,68.52,60.08,68.99,2025,0.16053706946876742,14.231025299600528,-0.5218147557617038,False,False,False
2025-11-22,PROD_018,Columbia Silver Ridge,Outdoor,Ropa Montaña,70,False,70.28,66.01,61.77,72.2,2025,6.468716861081648,13.776914359721543,-2.659279778393354,False,False,False
2025-11-23,PROD_018,Columbia Silver Ridge,Outdoor,Ropa Montaña,70,False,71.1,75.87,65.51,68.08,2025,-6.287069988137617,8.533048389558829,4.4359576968272565,False,False,False
2025-11-24,PROD_018,Columbia Silver Ridge,Outdoor,Ropa Montaña,70,False,68.7,70.02,66.4,67.37,2025,-1.885175664095963,3.463855421686742,1.9741724803324896,False,False,False
2025-11-25,PROD_018,Columbia Silver Ridge,Outdoor,Ropa Montaña,70,False,68.86,70.62,64.54,71.4,2025,-2.492211838006238,6.693523396343341,-3.5574229691876833,False,False,False
2025-11-26,PROD_018,Columbia Silver Ridge,Outdoor,Ropa Montaña,70,False,70.92,70.44,66.06,62.8,2025,0.6814310051107382,7.356948228882833,12.929936305732493,False,False,False
2025-11-27,PROD_018,Columbia Silver Ridge,Outdoor,Ropa Montaña,70,False,69.49,72.19,67.04,68.85,2025,-3.7401302119407163,3.6545346062052335,0.9295570079883815,False,False,False
2025-11-28,PROD_018,Columbia Silver Ridge,Outdoor,Ropa Montaña,70,False,59.5,68.47,65.31,70.94,2025,-13.100628012268146,-8.896034297963562,-16.12630391880462,True,False,False
2025-11-29,PROD_018,Columbia Silver Ridge,Outdoor,Ropa Montaña,70,False,70.26,66.15,65.61,67.27,2025,6.21315192743764,7.087334247828084,4.444774788167102,False,False,False
2025-11-30,PROD_018,Columbia Silver Ridge,Outdoor,Ropa Montaña,70,False,69.68,69.88,68.49,69.3,2025,-0.2862049227246546,1.737479924076525,0.5483405483405623,False,False,False
2025-11-01,PROD_019,Merrell Moab 2 GTX,Outdoor,Zapatillas Trail,110,False,110.89,106.15,95.04,101.69,2025,4.465379180405082,16.677188552188547,9.047103943357266,False,False,True
2025-11-02,PROD_019,Merrell Moab 2 GTX,Outdoor,Zapatillas Trail,110,False,111.79,101.22,102.72,116.18,2025,10.44260027662518,8.829828660436144,-3.7786193837149256,False,False,False
2025-11-03,PROD_019,Merrell Moab 2 GTX,Outdoor,Zapatillas Trail,110,False,109.16,107.42,100.62,116.53,2025,1.6198100912306785,8.487378254820108,-6.324551617609203,False,False,False
2025-11-04,PROD_019,Merrell Moab 2 GTX,Outdoor,Zapatillas Trail,110,False,108.3,115.2,97.33,99.93,2025,-5.989583333333338,11.270933936093702,8.375863104172911,False,False,False
2025-11-05,PROD_019,Merrell Moab 2 GTX,Outdoor,Zapatillas Trail,110,False,109.42,108.96,96.81,108.95,2025,0.4221732745961894,13.02551389319285,0.43139054612207334,False,False,False
2025-11-06,PROD_019,Merrell Moab 2 GTX,Outdoor,Zapatillas Trail,110,False,108.15,110.58,101.85,108.79,2025,-2.197504069451974,6.18556701030929,-0.5882893648313269,False,False,False
2025-11-07,PROD_019,Merrell Moab 2 GTX,Outdoor,Zapatillas Trail,110,False,110.74,104.0,104.87,109.1,2025,6.480769230769226,5.597406312577467,1.503208065994501,False,False,False
2025-11-08,PROD_019,Merrell Moab 2 GTX,Outdoor,Zapatillas Trail,110,False,110.6,110.25,100.82,112.82,2025,0.3174603174603123,9.700456258678836,-1.9677362169828037,False,False,False
2025-11-09,PROD_019,Merrell Moab 2 GTX,Outdoor,Zapatillas Trail,110,False,111.64,106.69,101.34,104.55,2025,4.639610085293844,10.163805012828101,6.781444285031089,False,False,False
2025-11-10,PROD_019,Merrell Moab 2 GTX,Outdoor,Zapatillas Trail,110,False,107.85,110.76,94.42,106.72,2025,-2.6273022751896087,14.223681423427232,1.05884557721139,False,False,False
2025-11-11,PROD_019,Merrell Moab 2 GTX,Outdoor,Zapatillas Trail,110,False,109.94,107.05,100.44,110.22,2025,2.699673049976647,9.458383114297094,-0.2540373797858838,False,False,False
2025-11-12,PROD_019,Merrell Moab 2 GTX,Outdoor,Zapatillas Trail,110,False,109.31,104.35,103.0,115.12,2025,4.753234307618599,6.126213592233012,-5.046907574704658,False,False,False
2025-11-13,PROD_019,Merrell Moab 2 GTX,Outdoor,Zapatillas Trail,110,False,111.52,106.5,106.09,104.34,2025,4.7136150234741745,5.118295786596279,6.881349434540916,False,False,False
2025-11-14,PROD_019,Merrell Moab 2 GTX,Outdoor,Zapatillas Trail,110,False,109.15,115.33,99.23,115.75,2025,-5.3585363738836325,9.996976720749775,-5.701943844492436,False,False,False
2025-11-15,PROD_019,Merrell Moab 2 GTX,Outdoor,Zapatillas Trail,110,False,111.31,111.77,101.0,108.94,2025,-0.4115594524469838,10.20792079207921,2.175509454745736,False,False,False
2025-11-16,PROD_019,Merrell Moab 2 GTX,Outdoor,Zapatillas Trail,110,False,109.2,114.71,93.96,114.61,2025,-4.803417313224646,16.219667943805884,-4.720355989878716,False,False,False
2025-11-17,PROD_019,Merrell Moab 2 GTX,Outdoor,Zapatillas Trail,110,False,110.44,115.96,103.91,104.78,2025,-4.760262159365295,6.284284476951209,5.40179423554113,False,False,False
2025-11-18,PROD_019,Merrell Moab 2 GTX,Outdoor,Zapatillas Trail,110,False,109.69,107.83,96.88,107.66,2025,1.724937401465269,13.22254335260116,1.8855656697009116,False,False,False
2025-11-19,PROD_019,Merrell Moab 2 GTX,Outdoor,Zapatillas Trail,110,False,107.91,117.53,104.81,107.08,2025,-8.18514421849741,2.957733040740382,0.7751214045573387,False,False,False
2025-11-20,PROD_019,Merrell Moab 2 GTX,Outdoor,Zapatillas Trail,110,False,109.6,108.97,103.86,104.38,2025,0.578140772689727,5.526670518005002,5.000958037938301,False,False,False
2025-11-21,PROD_019,Merrell Moab 2 GTX,Outdoor,Zapatillas Trail,110,False,110.47,103.19,98.13,109.41,2025,7.05494718480473,12.57515540609396,0.9688328306370554,False,False,False
2025-11-22,PROD_019,Merrell Moab 2 GTX,Outdoor,Zapatillas Trail,110,False,110.83,111.72,99.97,104.54,2025,-0.7966344432509851,10.863258977693308,6.016835660991,False,False,False
2025-11-23,PROD_019,Merrell Moab 2 GTX,Outdoor,Zapatillas Trail,110,False,107.92,113.22,100.15,107.63,2025,-4.681151739975268,7.758362456315522,0.26944160550033097,False,False,False
2025-11-24,PROD_019,Merrell Moab 2 GTX,Outdoor,Zapatillas Trail,110,False,107.94,109.53,96.44,107.95,2025,-1.4516570802519888,11.92451265035255,-0.009263547938865323,False,False,False
2025-11-25,PROD_019,Merrell Moab 2 GTX,Outdoor,Zapatillas Trail,110,False,107.9,108.69,105.5,111.96,2025,-0.7268377955653621,2.274881516587683,-3.6262951053947736,False,False,False
2025-11-26,PROD_019,Merrell Moab 2 GTX,Outdoor,Zapatillas Trail,110,False,108.31,108.48,99.81,110.52,2025,-0.15671091445427884,8.516180743412484,-1.9996380745566356,False,False,False
2025-11-27,PROD_019,Merrell Moab 2 GTX,Outdoor,Zapatillas Trail,110,False,111.71,116.76,101.37,109.06,2025,-4.325111339499839,10.200256486139873,2.4298551256189174,False,False,False
2025-11-28,PROD_019,Merrell Moab 2 GTX,Outdoor,Zapatillas Trail,110,False,93.5,109.73,90.48,107.01,2025,-14.790850268841705,3.3377541998231606,-12.62498831884871,True,False,False
2025-11-29,PROD_019,Merrell Moab 2 GTX,Outdoor,Zapatillas Trail,110,False,110.18,103.49,102.27,111.7,2025,6.464392694946383,7.734428473648197,-1.3607878245299874,False,False,False
2025-11-30,PROD_019,Merrell Moab 2 GTX,Outdoor,Zapatillas Trail,110,False,109.74,104.15,97.19,104.04,2025,5.367258761401813,12.912851116369994,5.478662053056505,False,False,False
2025-11-01,PROD_020,Quechua MH500,Outdoor,Ropa Montaña,80,False,80.84,76.87,73.58,72.79,2025,5.164563548848704,9.866811633596093,11.059211430141499,False,False,True
2025-11-02,PROD_020,Quechua MH500,Outdoor,Ropa Montaña,80,False,79.98,84.17,73.54,79.47,2025,-4.978020672448613,8.757138971988029,0.6417516043790173,False,False,False
2025-11-03,PROD_020,Quechua MH500,Outdoor,Ropa Montaña,80,False,81.05,80.88,73.97,83.84,2025,0.21018793273986364,9.571447884277408,-3.327767175572526,False,False,False
2025-11-04,PROD_020,Quechua MH500,Outdoor,Ropa Montaña,80,False,81.46,78.82,72.71,79.07,2025,3.349403704643492,12.034108100673912,3.022638168711269,False,False,False
2025-11-05,PROD_020,Quechua MH500,Outdoor,Ropa Montaña,80,False,81.11,84.5,72.74,82.46,2025,-4.011834319526628,11.506736321143807,-1.6371574096531585,False,False,False
2025-11-06,PROD_020,Quechua MH500,Outdoor,Ropa Montaña,80,False,80.03,82.46,73.48,79.57,2025,-2.946883337375689,8.913990201415347,0.5781073268820007,False,False,False
2025-11-07,PROD_020,Quechua MH500,Outdoor,Ropa Montaña,80,False,80.6,78.0,75.17,82.73,2025,3.3333333333333264,7.223626446720756,-2.5746403964704574,False,False,False
2025-11-08,PROD_020,Quechua MH500,Outdoor,Ropa Montaña,80,False,78.83,75.51,69.96,77.85,2025,4.3967686399152335,12.678673527730139,1.258831085420686,False,False,False
2025-11-09,PROD_020,Quechua MH500,Outdoor,Ropa Montaña,80,False,79.07,83.34,71.85,82.04,2025,-5.123590112790988,10.048712595685455,-3.6201852754753934,False,False,False
2025-11-10,PROD_020,Quechua MH500,Outdoor,Ropa Montaña,80,False,78.45,82.76,74.2,77.81,2025,-5.207829869502177,5.727762803234501,0.8225163860686293,False,False,False
2025-11-11,PROD_020,Quechua MH500,Outdoor,Ropa Montaña,80,False,80.81,81.5,74.6,82.96,2025,-0.8466257668711629,8.324396782841834,-2.5916104146576564,False,False,False
2025-11-12,PROD_020,Quechua MH500,Outdoor,Ropa Montaña,80,False,80.85,81.16,75.43,79.55,2025,-0.38196155741744986,7.185469972159601,1.6341923318667468,False,False,False
2025-11-13,PROD_020,Quechua MH500,Outdoor,Ropa Montaña,80,False,78.65,75.89,69.38,75.01,2025,3.6368427987877263,13.36119919285098,4.852686308492202,False,False,False
2025-11-14,PROD_020,Quechua MH500,Outdoor,Ropa Montaña,80,False,78.61,76.27,72.36,74.28,2025,3.0680477251868408,8.637368711995578,5.829294561120084,False,False,False
2025-11-15,PROD_020,Quechua MH500,Outdoor,Ropa Montaña,80,False,78.65,80.57,76.29,79.63,2025,-2.3830209755491967,3.0934591689605444,-1.230691950269986,False,False,False
2025-11-16,PROD_020,Quechua MH500,Outdoor,Ropa Montaña,80,False,80.66,72.79,71.34,77.45,2025,10.811924714933356,13.064199607513308,4.144609425435757,False,False,False
2025-11-17,PROD_020,Quechua MH500,Outdoor,Ropa Montaña,80,False,80.97,75.64,72.7,81.6,2025,7.046536224219987,11.375515818431905,-0.7720588235294062,False,False,False
2025-11-18,PROD_020,Quechua MH500,Outdoor,Ropa Montaña,80,False,81.3,78.53,68.57,81.42,2025,3.5273144021393046,18.564970103543832,-0.14738393515107412,False,False,False
2025-11-19,PROD_020,Quechua MH500,Outdoor,Ropa Montaña,80,False,81.53,74.36,69.35,83.02,2025,9.642280796126952,17.5630857966835,-1.7947482534329016,False,False,False
2025-11-20,PROD_020,Quechua MH500,Outdoor,Ropa Montaña,80,False,80.47,66.76,73.45,84.71,2025,20.53624925104852,9.557522123893799,-5.00531224176602,False,False,False
2025-11-21,PROD_020,Quechua MH500,Outdoor,Ropa Montaña,80,False,78.63,84.95,70.57,81.83,2025,-7.439670394349626,11.421283831656517,-3.910546254429919,False,False,False
2025-11-22,PROD_020,Quechua MH500,Outdoor,Ropa Montaña,80,False,80.68,81.69,74.17,82.62,2025,-1.2363814420369579,8.777133611972502,-2.3480997337206455,False,False,False
2025-11-23,PROD_020,Quechua MH500,Outdoor,Ropa Montaña,80,False,78.86,91.45,71.39,82.14,2025,-13.767085839256426,10.463650371200446,-3.9931823715607515,False,False,False
2025-11-24,PROD_020,Quechua MH500,Outdoor,Ropa Montaña,80,False,79.99,76.69,72.13,78.14,2025,4.3030382057634595,10.896991543047276,2.3675454312771875,False,False,False
2025-11-25,PROD_020,Quechua MH500,Outdoor,Ropa Montaña,80,False,80.8,80.31,71.64,79.67,2025,0.6101357240692253,12.786152987158008,1.4183506966235664,False,False,False
2025-11-26,PROD_020,Quechua MH500,Outdoor,Ropa Montaña,80,False,79.28,78.26,73.39,81.95,2025,1.3033478149757167,8.025616569014852,-3.258084197681515,False,False,False
2025-11-27,PROD_020,Quechua MH500,Outdoor,Ropa Montaña,80,False,79.41,75.95,72.43,77.43,2025,4.555628703094133,9.636890791108641,2.5571483920960736,False,False,False
2025-11-28,PROD_020,Quechua MH500,Outdoor,Ropa Montaña,80,False,68.0,75.25,71.42,77.76,2025,-9.634551495016613,-4.788574628955477,-12.551440329218114,True,False,False
2025-11-29,PROD_020,Quechua MH500,Outdoor,Ropa Montaña,80,False,79.79,78.69,74.73,79.44,2025,1.3978904562206234,6.771042419376425,0.4405840886203532,False,False,False
2025-11-30,PROD_020,Quechua MH500,Outdoor,Ropa Montaña,80,False,79.64,88.13,76.22,82.24,2025,-9.633495971859746,4.48701128312779,-3.1614785992217835,False,False,False
2025-11-01,PROD_021,Manduka PRO Yoga Mat,Wellness,Esterilla Yoga,130,True,130.0,135.86,118.93,136.38,2025,-4.3132636537612346,9.307996300344733,-4.678105294031379,False,False,True
2025-11-02,PROD_021,Manduka PRO Yoga Mat,Wellness,Esterilla Yoga,130,True,130.0,136.26,113.57,119.26,2025,-4.594158226919118,14.466848639605537,9.005534127117217,False,False,False
2025-11-03,PROD_021,Manduka PRO Yoga Mat,Wellness,Esterilla Yoga,130,True,130.0,136.53,117.09,137.02,2025,-4.782831612099906,11.025706721325474,-5.12333965844403,False,False,False
2025-11-04,PROD_021,Manduka PRO Yoga Mat,Wellness,Esterilla Yoga,130,True,130.0,128.38,118.07,119.98,2025,1.2618787973204586,10.104175489116631,8.351391898649771,False,False,False
2025-11-05,PROD_021,Manduka PRO Yoga Mat,Wellness,Esterilla Yoga,130,True,130.0,135.81,106.47,130.27,2025,-4.27803549075915,22.100122100122103,-0.20726184079220863,False,False,False
2025-11-06,PROD_021,Manduka PRO Yoga Mat,Wellness,Esterilla Yoga,130,True,130.0,142.68,105.42,131.8,2025,-8.88701990468181,23.316258774426103,-1.365705614567535,False,False,False
2025-11-07,PROD_021,Manduka PRO Yoga Mat,Wellness,Esterilla Yoga,130,True,130.0,129.85,110.49,129.84,2025,0.11551790527532205,17.65770657978098,0.12322858903265294,False,False,False
2025-11-08,PROD_021,Manduka PRO Yoga Mat,Wellness,Esterilla Yoga,130,True,130.0,138.59,118.87,132.69,2025,-6.19813839382351,9.363169849415323,-2.027281633883486,False,False,False
2025-11-09,PROD_021,Manduka PRO Yoga Mat,Wellness,Esterilla Yoga,130,True,130.0,128.63,119.84,123.62,2025,1.0650703568374442,8.477970627503336,5.160977188157252,False,False,False
2025-11-10,PROD_021,Manduka PRO Yoga Mat,Wellness,Esterilla Yoga,130,True,130.0,132.99,108.01,124.42,2025,-2.2482893450635455,20.35922599759281,4.484809516154957,False,False,False
2025-11-11,PROD_021,Manduka PRO Yoga Mat,Wellness,Esterilla Yoga,130,True,130.0,128.03,119.23,125.68,2025,1.5387018667499797,9.032961502977436,3.4373010821132985,False,False,False
2025-11-12,PROD_021,Manduka PRO Yoga Mat,Wellness,Esterilla Yoga,130,True,130.0,121.76,122.11,123.83,2025,6.767411300919838,6.461387273769552,4.982637486877172,False,False,False
2025-11-13,PROD_021,Manduka PRO Yoga Mat,Wellness,Esterilla Yoga,130,True,130.0,133.89,121.06,124.96,2025,-2.9053700799163393,7.384767883694034,4.033290653008968,False,False,False
2025-11-14,PROD_021,Manduka PRO Yoga Mat,Wellness,Esterilla Yoga,130,True,130.0,121.83,113.68,126.94,2025,6.7060658294344595,14.356087262491195,2.4105876792185303,False,False,False
2025-11-15,PROD_021,Manduka PRO Yoga Mat,Wellness,Esterilla Yoga,130,True,130.0,125.18,125.76,124.76,2025,3.850455344304196,3.371501272264627,4.2000641231163796,False,False,False
2025-11-16,PROD_021,Manduka PRO Yoga Mat,Wellness,Esterilla Yoga,130,True,130.0,132.27,108.3,114.52,2025,-1.7161865880396237,20.036934441366576,13.517289556409365,False,False,False
2025-11-17,PROD_021,Manduka PRO Yoga Mat,Wellness,Esterilla Yoga,130,True,130.0,145.78,105.65,128.05,2025,-10.824530113870216,23.04779933743492,1.5228426395938996,False,False,False
2025-11-18,PROD_021,Manduka PRO Yoga Mat,Wellness,Esterilla Yoga,130,True,130.0,128.73,117.42,119.78,2025,0.9865610191874546,10.713677397376935,8.532309233594923,False,False,False
2025-11-19,PROD_021,Manduka PRO Yoga Mat,Wellness,Esterilla Yoga,130,True,130.0,142.68,102.05,119.57,2025,-8.88701990468181,27.388535031847137,8.72292381032032,False,False,False
2025-11-20,PROD_021,Manduka PRO Yoga Mat,Wellness,Esterilla Yoga,130,True,130.0,141.08,111.57,112.06,2025,-7.853700028352716,16.51877744913508,16.009280742459396,False,False,False
2025-11-21,PROD_021,Manduka PRO Yoga Mat,Wellness,Esterilla Yoga,130,True,130.0,134.77,111.26,119.24,2025,-3.5393633597981817,16.843429804062552,9.023817510902386,False,False,False
2025-11-22,PROD_021,Manduka PRO Yoga Mat,Wellness,Esterilla Yoga,130,True,130.0,127.99,106.57,113.44,2025,1.5704351902492424,21.985549404147516,14.598025387870242,False,False,False
2025-11-23,PROD_021,Manduka PRO Yoga Mat,Wellness,Esterilla Yoga,130,True,130.0,132.29,114.34,131.37,2025,-1.7310454304936065,13.695994402658734,-1.042856055416004,False,False,False
2025-11-24,PROD_021,Manduka PRO Yoga Mat,Wellness,Esterilla Yoga,130,True,130.0,131.59,118.17,136.08,2025,-1.2082985029257567,10.01100110011001,-4.467960023515588,False,False,False
2025-11-25,PROD_021,Manduka PRO Yoga Mat,Wellness,Esterilla Yoga,130,True,130.0,140.36,121.46,112.06,2025,-7.381020233684819,7.031121356825299,16.009280742459396,False,False,False
2025-11-26,PROD_021,Manduka PRO Yoga Mat,Wellness,Esterilla Yoga,130,True,130.0,130.73,120.94,117.79,2025,-0.558402814962128,7.491318008930049,10.36590542490873,False,False,False
2025-11-27,PROD_021,Manduka PRO Yoga Mat,Wellness,Esterilla Yoga,130,True,130.0,132.48,110.75,127.03,2025,-1.8719806763284947,17.381489841986454,2.3380303865228678,False,False,False
2025-11-28,PROD_021,Manduka PRO Yoga Mat,Wellness,Esterilla Yoga,130,True,110.5,131.75,100.71,127.03,2025,-16.129032258064516,9.720981034653963,-13.012674171455563,True,False,False
2025-11-29,PROD_021,Manduka PRO Yoga Mat,Wellness,Esterilla Yoga,130,True,130.0,140.11,108.33,137.02,2025,-7.215759046463502,20.00369242130527,-5.12333965844403,False,False,False
2025-11-30,PROD_021,Manduka PRO Yoga Mat,Wellness,Esterilla Yoga,130,True,130.0,137.24,104.62,120.0,2025,-5.275429903818135,24.259223857770976,8.333333333333332,False,False,False
2025-11-01,PROD_022,Gaiam Premium Yoga Block,Wellness,Bloque Yoga,20,False,19.92,19.09,18.63,19.73,2025,4.347826086956531,6.9243156199678095,0.9630005068423785,False,False,True
2025-11-02,PROD_022,Gaiam Premium Yoga Block,Wellness,Bloque Yoga,20,False,19.89,20.55,17.17,20.07,2025,-3.2116788321167893,15.841584158415834,-0.8968609865470838,False,False,False
2025-11-03,PROD_022,Gaiam Premium Yoga Block,Wellness,Bloque Yoga,20,False,20.27,19.75,17.63,18.04,2025,2.6329113924050613,14.974475326148614,12.361419068736144,False,False,False
2025-11-04,PROD_022,Gaiam Premium Yoga Block,Wellness,Bloque Yoga,20,False,20.02,19.78,18.19,19.99,2025,1.2133468149646027,10.060472787245729,0.15007503751876508,False,False,False
2025-11-05,PROD_022,Gaiam Premium Yoga Block,Wellness,Bloque Yoga,20,False,19.97,19.99,18.57,19.08,2025,-0.10005002501250412,7.539041464728048,4.66457023060797,False,False,False
2025-11-06,PROD_022,Gaiam Premium Yoga Block,Wellness,Bloque Yoga,20,False,20.22,21.05,18.31,21.15,2025,-3.9429928741092723,10.431458219552159,-4.397163120567375,False,False,False
2025-11-07,PROD_022,Gaiam Premium Yoga Block,Wellness,Bloque Yoga,20,False,20.38,20.62,18.6,19.71,2025,-1.1639185257032103,9.569892473118266,3.3992897006595544,False,False,False
2025-11-08,PROD_022,Gaiam Premium Yoga Block,Wellness,Bloque Yoga,20,False,19.61,19.41,18.84,19.41,2025,1.0303967027305476,4.08704883227176,1.0303967027305476,False,False,False
2025-11-09,PROD_022,Gaiam Premium Yoga Block,Wellness,Bloque Yoga,20,False,20.01,18.76,17.34,20.1,2025,6.663113006396588,15.397923875432538,-0.44776119402985,False,False,False
2025-11-10,PROD_022,Gaiam Premium Yoga Block,Wellness,Bloque Yoga,20,False,20.28,20.02,18.65,20.49,2025,1.2987012987013067,8.739946380697065,-1.0248901903367365,False,False,False
2025-11-11,PROD_022,Gaiam Premium Yoga Block,Wellness,Bloque Yoga,20,False,19.97,18.41,17.73,19.9,2025,8.473655621944589,12.63395375070501,0.3517587939698507,False,False,False
2025-11-12,PROD_022,Gaiam Premium Yoga Block,Wellness,Bloque Yoga,20,False,20.2,18.37,17.81,19.94,2025,9.961894393032107,13.419427288040431,1.3039117352056069,False,False,False
2025-11-13,PROD_022,Gaiam Premium Yoga Block,Wellness,Bloque Yoga,20,False,20.37,19.99,18.38,19.02,2025,1.9009504752376318,10.826985854189347,7.097791798107263,False,False,False
2025-11-14,PROD_022,Gaiam Premium Yoga Block,Wellness,Bloque Yoga,20,False,19.76,19.37,18.45,19.22,2025,2.013422818791949,7.10027100271004,2.8095733610822204,False,False,False
2025-11-15,PROD_022,Gaiam Premium Yoga Block,Wellness,Bloque Yoga,20,False,20.23,18.89,18.39,20.35,2025,7.093700370566436,10.005437737901032,-0.5896805896805946,False,False,False
2025-11-16,PROD_022,Gaiam Premium Yoga Block,Wellness,Bloque Yoga,20,False,19.91,21.08,17.52,20.62,2025,-5.550284629981016,13.641552511415528,-3.443258971871973,False,False,False
2025-11-17,PROD_022,Gaiam Premium Yoga Block,Wellness,Bloque Yoga,20,False,19.88,19.74,18.53,20.72,2025,0.7092198581560313,7.285483000539654,-4.0540540540540535,False,False,False
2025-11-18,PROD_022,Gaiam Premium Yoga Block,Wellness,Bloque Yoga,20,False,20.17,19.89,17.57,19.86,2025,1.407742584213178,14.797951052931142,1.560926485397796,False,False,False
2025-11-19,PROD_022,Gaiam Premium Yoga Block,Wellness,Bloque Yoga,20,False,20.37,18.41,18.35,21.51,2025,10.646387832699626,11.00817438692098,-5.299860529986055,False,False,False
2025-11-20,PROD_022,Gaiam Premium Yoga Block,Wellness,Bloque Yoga,20,False,19.66,19.98,18.75,19.51,2025,-1.601601601601603,4.8533333333333335,0.7688364941055795,False,False,False
2025-11-21,PROD_022,Gaiam Premium Yoga Block,Wellness,Bloque Yoga,20,False,19.97,17.82,19.18,18.9,2025,12.065095398428724,4.11887382690302,5.661375661375663,False,False,False
2025-11-22,PROD_022,Gaiam Premium Yoga Block,Wellness,Bloque Yoga,20,False,19.64,19.71,18.51,20.26,2025,-0.3551496702181648,6.104808211777412,-3.060217176702867,False,False,False
2025-11-23,PROD_022,Gaiam Premium Yoga Block,Wellness,Bloque Yoga,20,False,19.79,18.42,18.52,21.51,2025,7.437567861020615,6.857451403887686,-7.9962807996280905,False,False,False
2025-11-24,PROD_022,Gaiam Premium Yoga Block,Wellness,Bloque Yoga,20,False,19.66,18.64,18.34,20.01,2025,5.472103004291843,7.197382769901855,-1.7491254372813663,False,False,False
2025-11-25,PROD_022,Gaiam Premium Yoga Block,Wellness,Bloque Yoga,20,False,19.75,20.38,18.25,19.49,2025,-3.0912659470068644,8.21917808219178,1.3340174448435176,False,False,False
2025-11-26,PROD_022,Gaiam Premium Yoga Block,Wellness,Bloque Yoga,20,False,19.98,20.44,17.65,20.6,2025,-2.2504892367906106,13.201133144475932,-3.009708737864082,False,False,False
2025-11-27,PROD_022,Gaiam Premium Yoga Block,Wellness,Bloque Yoga,20,False,20.11,19.04,18.53,21.1,2025,5.619747899159665,8.526713437668636,-4.6919431279620945,False,False,False
2025-11-28,PROD_022,Gaiam Premium Yoga Block,Wellness,Bloque Yoga,20,False,17.0,19.95,17.57,19.84,2025,-14.786967418546363,-3.2441661923733656,-14.314516129032256,True,False,False
2025-11-29,PROD_022,Gaiam Premium Yoga Block,Wellness,Bloque Yoga,20,False,19.78,18.74,18.78,19.63,2025,5.549626467449322,5.324813631522896,0.7641365257259406,False,False,False
2025-11-30,PROD_022,Gaiam Premium Yoga Block,Wellness,Bloque Yoga,20,False,20.18,19.82,17.71,19.96,2025,1.8163471241170503,13.94692264257481,1.1022044088176297,False,False,False
2025-11-01,PROD_023,Liforme Yoga Pad,Wellness,Rodillera Yoga,35,False,35.39,36.57,31.64,30.44,2025,-3.2266885425211917,11.852085967130215,16.261498028909326,False,False,True
2025-11-02,PROD_023,Liforme Yoga Pad,Wellness,Rodillera Yoga,35,False,34.59,32.73,32.41,36.12,2025,5.682859761686546,6.726319037334178,-4.23588039867108,False,False,False
2025-11-03,PROD_023,Liforme Yoga Pad,Wellness,Rodillera Yoga,35,False,34.59,34.2,32.03,35.89,2025,1.140350877192984,7.992507024664384,-3.6221788799108303,False,False,False
2025-11-04,PROD_023,Liforme Yoga Pad,Wellness,Rodillera Yoga,35,False,34.87,35.71,32.45,36.57,2025,-2.3522822738728744,7.45762711864405,-4.648619086683081,False,False,False
2025-11-05,PROD_023,Liforme Yoga Pad,Wellness,Rodillera Yoga,35,False,35.38,33.05,31.01,35.51,2025,7.049924357034813,14.092228313447277,-0.3660940580118148,False,False,False
2025-11-06,PROD_023,Liforme Yoga Pad,Wellness,Rodillera Yoga,35,False,35.53,31.8,32.36,34.31,2025,11.729559748427674,9.796044499381958,3.5558146313028236,False,False,False
2025-11-07,PROD_023,Liforme Yoga Pad,Wellness,Rodillera Yoga,35,False,34.48,34.8,32.75,31.63,2025,-0.9195402298850583,5.282442748091594,9.010433133101479,False,False,False
2025-11-08,PROD_023,Liforme Yoga Pad,Wellness,Rodillera Yoga,35,False,34.38,33.02,30.87,35.85,2025,4.11871592973955,11.37026239067056,-4.100418410041837,False,False,False
2025-11-09,PROD_023,Liforme Yoga Pad,Wellness,Rodillera Yoga,35,False,35.34,32.91,31.75,36.44,2025,7.383773928897014,11.30708661417324,-3.0186608122941667,False,False,False
2025-11-10,PROD_023,Liforme Yoga Pad,Wellness,Rodillera Yoga,35,False,34.72,37.05,30.98,34.36,2025,-6.288798920377864,12.072304712717877,1.0477299185098936,False,False,False
2025-11-11,PROD_023,Liforme Yoga Pad,Wellness,Rodillera Yoga,35,False,34.82,35.76,33.57,32.72,2025,-2.628635346756146,3.7235627047959485,6.418092909535457,False,False,False
2025-11-12,PROD_023,Liforme Yoga Pad,Wellness,Rodillera Yoga,35,False,35.23,35.09,31.17,33.88,2025,0.3989740666856468,13.025344882900209,3.9846517119244225,False,False,False
2025-11-13,PROD_023,Liforme Yoga Pad,Wellness,Rodillera Yoga,35,False,35.39,35.86,32.62,35.1,2025,-1.3106525376463996,8.491722869405283,0.8262108262108236,False,False,False
2025-11-14,PROD_023,Liforme Yoga Pad,Wellness,Rodillera Yoga,35,False,34.36,36.09,30.43,36.33,2025,-4.793571626489343,12.914886625041078,-5.422515827140102,False,False,False
2025-11-15,PROD_023,Liforme Yoga Pad,Wellness,Rodillera Yoga,35,False,35.36,33.18,32.06,33.72,2025,6.570223025919228,10.293200249532118,4.86358244365362,False,False,False
2025-11-16,PROD_023,Liforme Yoga Pad,Wellness,Rodillera Yoga,35,False,35.01,36.01,31.83,35.66,2025,-2.7770063871146906,9.99057492931197,-1.8227706113292168,False,False,False
2025-11-17,PROD_023,Liforme Yoga Pad,Wellness,Rodillera Yoga,35,False,35.3,36.51,32.89,34.87,2025,-3.314160503971517,7.3274551535420995,1.2331517063378254,False,False,False
2025-11-18,PROD_023,Liforme Yoga Pad,Wellness,Rodillera Yoga,35,False,35.27,36.12,32.47,36.05,2025,-2.3532668881505936,8.623344625808452,-2.163661581137293,False,False,False
2025-11-19,PROD_023,Liforme Yoga Pad,Wellness,Rodillera Yoga,35,False,34.57,33.85,30.65,33.37,2025,2.12703101920236,12.789559543230023,3.5960443512136737,False,False,False
2025-11-20,PROD_023,Liforme Yoga Pad,Wellness,Rodillera Yoga,35,False,35.67,35.72,32.85,35.56,2025,-0.13997760358341868,8.584474885844749,0.3093363329583786,False,False,False
2025-11-21,PROD_023,Liforme Yoga Pad,Wellness,Rodillera Yoga,35,False,35.63,37.9,29.49,34.86,2025,-5.989445910290227,20.820617158358782,2.208835341365471,False,False,False
2025-11-22,PROD_023,Liforme Yoga Pad,Wellness,Rodillera Yoga,35,False,34.53,36.17,32.92,34.58,2025,-4.534144318495993,4.890643985419196,-0.14459224985539954,False,False,False
2025-11-23,PROD_023,Liforme Yoga Pad,Wellness,Rodillera Yoga,35,False,35.47,34.81,31.96,35.55,2025,1.8960068945705157,10.982478097622021,-0.22503516174401775,False,False,False
2025-11-24,PROD_023,Liforme Yoga Pad,Wellness,Rodillera Yoga,35,False,34.63,36.51,32.63,35.61,2025,-5.1492741714598615,6.129328838492184,-2.7520359449592724,False,False,False
2025-11-25,PROD_023,Liforme Yoga Pad,Wellness,Rodillera Yoga,35,False,34.37,35.03,33.95,35.01,2025,-1.8840993434199365,1.2371134020618397,-1.8280491288203389,False,False,False
2025-11-26,PROD_023,Liforme Yoga Pad,Wellness,Rodillera Yoga,35,False,35.51,35.81,31.46,32.16,2025,-0.8377548170902102,12.873490146217408,10.416666666666673,False,False,False
2025-11-27,PROD_023,Liforme Yoga Pad,Wellness,Rodillera Yoga,35,False,34.48,36.88,30.84,33.64,2025,-6.507592190889386,11.802853437094672,2.497027348394757,False,False,False
2025-11-28,PROD_023,Liforme Yoga Pad,Wellness,Rodillera Yoga,35,False,29.75,35.28,31.76,32.19,2025,-15.674603174603178,-6.3287153652393,-7.579993786890332,True,False,False
2025-11-29,PROD_023,Liforme Yoga Pad,Wellness,Rodillera Yoga,35,False,35.1,35.06,31.34,33.66,2025,0.11409013120364844,11.997447351627319,4.278074866310176,False,False,False
2025-11-30,PROD_023,Liforme Yoga Pad,Wellness,Rodillera Yoga,35,False,34.79,33.0,30.41,36.41,2025,5.424242424242422,14.403156856297267,-4.449327107937373,False,False,False
2025-11-01,PROD_024,Lotuscrafts Yoga Bolster,Wellness,Cojín Yoga,50,False,49.57,50.29,45.71,48.43,2025,-1.4316961622588962,8.444541675782103,2.353912863927319,False,False,True
2025-11-02,PROD_024,Lotuscrafts Yoga Bolster,Wellness,Cojín Yoga,50,False,49.15,50.21,45.47,50.19,2025,-2.111133240390365,8.093248295579503,-2.0721259214983045,False,False,False
2025-11-03,PROD_024,Lotuscrafts Yoga Bolster,Wellness,Cojín Yoga,50,False,49.18,54.22,47.73,47.3,2025,-9.295462928808556,3.0379216425728117,3.974630021141655,False,False,False
2025-11-04,PROD_024,Lotuscrafts Yoga Bolster,Wellness,Cojín Yoga,50,False,49.03,51.96,47.49,51.81,2025,-5.638953040800615,3.2427879553590206,-5.365759505886896,False,False,False
2025-11-05,PROD_024,Lotuscrafts Yoga Bolster,Wellness,Cojín Yoga,50,False,50.22,46.72,44.15,51.82,2025,7.491438356164385,13.748584371460929,-3.0876109610189144,False,False,False
2025-11-06,PROD_024,Lotuscrafts Yoga Bolster,Wellness,Cojín Yoga,50,False,50.89,50.46,45.26,50.37,2025,0.8521601268331345,12.43923994697305,1.032360532062742,False,False,False
2025-11-07,PROD_024,Lotuscrafts Yoga Bolster,Wellness,Cojín Yoga,50,False,50.18,52.54,47.46,49.39,2025,-4.491815759421392,5.731142014327852,1.5995140716744263,False,False,False
2025-11-08,PROD_024,Lotuscrafts Yoga Bolster,Wellness,Cojín Yoga,50,False,50.17,49.61,45.08,46.67,2025,1.1288046764765214,11.291038154392199,7.499464323976858,False,False,False
2025-11-09,PROD_024,Lotuscrafts Yoga Bolster,Wellness,Cojín Yoga,50,False,50.92,52.75,45.07,50.93,2025,-3.4691943127962053,12.979809185711119,-0.019634792852931494,False,False,False
2025-11-10,PROD_024,Lotuscrafts Yoga Bolster,Wellness,Cojín Yoga,50,False,50.95,46.99,44.23,49.56,2025,8.427324962758036,15.193307709699313,2.804681194511704,False,False,False
2025-11-11,PROD_024,Lotuscrafts Yoga Bolster,Wellness,Cojín Yoga,50,False,50.5,49.38,46.91,48.98,2025,2.268124746861072,7.652952462161594,3.103307472437736,False,False,False
2025-11-12,PROD_024,Lotuscrafts Yoga Bolster,Wellness,Cojín Yoga,50,False,50.45,45.42,45.63,49.66,2025,11.074416556583005,10.563225947841334,1.5908175594039595,False,False,False
2025-11-13,PROD_024,Lotuscrafts Yoga Bolster,Wellness,Cojín Yoga,50,False,50.23,46.26,46.7,48.85,2025,8.581928231733677,7.55888650963596,2.8249744114636552,False,False,False
2025-11-14,PROD_024,Lotuscrafts Yoga Bolster,Wellness,Cojín Yoga,50,False,49.4,50.44,46.17,50.94,2025,-2.0618556701030912,6.995884773662545,-3.0231645072634454,False,False,False
2025-11-15,PROD_024,Lotuscrafts Yoga Bolster,Wellness,Cojín Yoga,50,False,49.03,47.63,44.51,48.05,2025,2.939323955490234,10.155021343518317,2.039542143600425,False,False,False
2025-11-16,PROD_024,Lotuscrafts Yoga Bolster,Wellness,Cojín Yoga,50,False,49.13,47.5,48.31,49.25,2025,3.4315789473684264,1.6973711446905408,-0.24365482233502017,False,False,False
2025-11-17,PROD_024,Lotuscrafts Yoga Bolster,Wellness,Cojín Yoga,50,False,50.21,48.17,45.98,50.81,2025,4.235001037990449,9.199652022618539,-1.1808699074985267,False,False,False
2025-11-18,PROD_024,Lotuscrafts Yoga Bolster,Wellness,Cojín Yoga,50,False,50.87,51.0,43.38,50.24,2025,-0.2549019607843187,17.266021207929906,1.2539808917197361,False,False,False
2025-11-19,PROD_024,Lotuscrafts Yoga Bolster,Wellness,Cojín Yoga,50,False,50.23,52.06,47.01,48.34,2025,-3.515174798309653,6.849606466709209,3.9098055440628743,False,False,False
2025-11-20,PROD_024,Lotuscrafts Yoga Bolster,Wellness,Cojín Yoga,50,False,49.74,49.83,45.85,51.33,2025,-0.1806140878988487,8.484187568157035,-3.097603740502623,False,False,False
2025-11-21,PROD_024,Lotuscrafts Yoga Bolster,Wellness,Cojín Yoga,50,False,50.08,47.62,43.41,50.43,2025,5.165896682066361,15.365123243492288,-0.6940313305572109,False,False,False
2025-11-22,PROD_024,Lotuscrafts Yoga Bolster,Wellness,Cojín Yoga,50,False,50.57,51.67,49.0,48.37,2025,-2.1288949100058088,3.2040816326530615,4.548273723382268,False,False,False
2025-11-23,PROD_024,Lotuscrafts Yoga Bolster,Wellness,Cojín Yoga,50,False,49.5,48.1,48.33,53.72,2025,2.9106029106029077,2.4208566108007488,-7.855547282204019,False,False,False
2025-11-24,PROD_024,Lotuscrafts Yoga Bolster,Wellness,Cojín Yoga,50,False,50.87,47.67,44.84,46.37,2025,6.7128172855045,13.447814451382682,9.704550355833513,False,False,False
2025-11-25,PROD_024,Lotuscrafts Yoga Bolster,Wellness,Cojín Yoga,50,False,49.04,49.8,42.56,49.81,2025,-1.5261044176706788,15.225563909774428,-1.545874322425222,False,False,False
2025-11-26,PROD_024,Lotuscrafts Yoga Bolster,Wellness,Cojín Yoga,50,False,50.85,47.88,46.0,49.1,2025,6.20300751879699,10.543478260869568,3.5641547861507124,False,False,False
2025-11-27,PROD_024,Lotuscrafts Yoga Bolster,Wellness,Cojín Yoga,50,False,49.82,46.36,46.89,49.29,2025,7.463330457290771,6.248667093196842,1.0752688172043035,False,False,False
2025-11-28,PROD_024,Lotuscrafts Yoga Bolster,Wellness,Cojín Yoga,50,False,42.5,49.65,42.64,48.59,2025,-14.400805639476333,-0.3283302063789882,-12.533443095287103,True,False,False
2025-11-29,PROD_024,Lotuscrafts Yoga Bolster,Wellness,Cojín Yoga,50,False,50.37,50.17,45.08,48.64,2025,0.39864460833166376,11.73469387755102,3.556743421052625,False,False,False
2025-11-30,PROD_024,Lotuscrafts Yoga Bolster,Wellness,Cojín Yoga,50,False,49.62,50.0,42.97,45.65,2025,-0.7600000000000051,15.475913427973001,8.696604600219056,False,False,False
